,cum_power,Elec_kW,Gas_mxm
10/26/2011,0.1,15.1,9
10/27/2011,10.2,7.4,9.2
10/28/2011,20.2,5.8,8
10/29/2011,29.6,4.9,6.6
10/30/2011,34.2,11.7,5.3
10/31/2011,38,11,5.7
11/1/2011,46.6,3.5,5.3
11/2/2011,51.6,10.5,5.4
11/3/2011,58.6,6.9,7.6
11/4/2011,60.5,10.3,5.5
11/5/2011,65.7,12,5.2
11/6/2011,71.8,11.9,4.8
11/7/2011,73.3,16.7,5.3
11/8/2011,73.8,11.1,7.3
11/9/2011,76.1,13,8.3
11/10/2011,82.5,7.6,7.2
11/11/2011,89.1,8.9,10.5
11/12/2011,95.5,12.9,10.2
11/13/2011,99.9,10.7,10.7
11/14/2011,101.4,10.2,9.9
11/15/2011,109.1,7.2,11.4
11/16/2011,116,9.4,13.6
11/17/2011,122.3,10.1,16.1
11/18/2011,124.3,14.6,12.8
11/19/2011,130.5,8.4,10.3
11/20/2011,136.5,12.2,12.6
11/21/2011,142.5,17.7,12.8
11/22/2011,145,11.5,13.4
11/23/2011,148.3,13.5,11.9
11/24/2011,149.8,13,9.7
11/25/2011,151.7,17.8,12.6
11/26/2011,152.4,16.9,11.3
11/27/2011,156.1,12.6,12.6
11/28/2011,157.4,14.5,12.5
11/29/2011,163.9,9.1,10.7
11/30/2011,165.3,17,13.4
12/1/2011,170.7,9.9,11
12/2/2011,172.1,16.9,10.6
12/3/2011,174.7,14.1,14.4
12/4/2011,175.3,18.7,12.7
12/5/2011,176.3,15.6,10.7
12/6/2011,178.8,8.5,15
12/7/2011,180.5,16,15.7
12/8/2011,182,13.9,15.4
12/9/2011,183.6,15.6,15.4
12/10/2011,188.4,11.5,15.2
12/11/2011,192.6,14.4,15.4
12/12/2011,195,12,15.5
12/13/2011,197.8,13.7,14.2
12/14/2011,199.1,15.2,13.7
12/15/2011,200.1,19.5,16.2
12/16/2011,201.6,14.1,15.8
12/17/2011,201.8,17,17.3
12/18/2011,205.4,17,17.8
12/19/2011,209.7,16.6,16
12/20/2011,211.6,15.5,20.1
12/21/2011,214.4,12.4,14.4
12/22/2011,215.3,17.5,14.2
12/23/2011,216.2,18.4,12.9
12/24/2011,217.4,14.3,11.1
12/25/2011,219.7,10.9,12.4
12/26/2011,220.3,14.2,14.1
12/27/2011,220.7,14.6,11.5
12/28/2011,221.2,17,11.4
12/29/2011,221.7,9.3,12.7
12/30/2011,222.6,15.3,15.4
12/31/2011,226.2,11.5,15.2
1/1/2012,226.7,16,13.6
1/2/2012,227.5,18.8,10.6
1/3/2012,230.4,15.5,11.7
1/4/2012,231.2,19.3,19.3
1/5/2012,233.9,6.9,10.6
1/6/2012,235.5,16.1,14.9
1/7/2012,236.5,14.9,15.4
1/8/2012,240.6,15.1,14.6
1/9/2012,245.8,13.2,13.5
1/10/2012,246.8,10.9,11.8
1/11/2012,248.3,11.1,11.1
1/12/2012,249.9,13.6,11.4
1/13/2012,251.3,14.8,14
1/14/2012,254.7,13.1,13.5
1/15/2012,258.1,13.6,14.7
1/16/2012,263.5,7.7,16
1/17/2012,269.4,10.9,16.6
1/18/2012,274.8,7.3,18.3
1/19/2012,276.5,15.7,17.3
1/20/2012,277.3,18.3,17.1
1/21/2012,278.1,15.5,14.5
1/22/2012,278.9,19.7,14.7
1/23/2012,282.8,12.3,15.5
1/24/2012,286.1,10.5,13.6
1/25/2012,288.2,15.3,15.8
1/26/2012,289.6,11.7,13.5
1/27/2012,290.7,16.7,14.7
1/28/2012,297,7.7,13.7
1/29/2012,300.3,18.1,15.6
1/30/2012,301.6,17.4,17.9
1/31/2012,301.8,16,21.8
2/1/2012,307.4,8.9,19.2
2/2/2012,315.8,7.8,25
2/3/2012,324.3,7.6,28
2/4/2012,326.6,13.5,28
2/5/2012,334.2,15.8,26
2/6/2012,339.8,9.8,26
2/7/2012,348.4,7.6,25
2/8/2012,355.7,11.1,29
2/9/2012,363.6,9,25
2/10/2012,367.3,13.6,24
2/11/2012,376.9,8.1,27
2/12/2012,383.3,16.4,27
2/13/2012,385.9,18,25
2/14/2012,388.9,13,20
2/15/2012,393.6,11,16
2/16/2012,396,15,16
2/17/2012,399.6,15,15
2/18/2012,404.8,11,16
2/19/2012,406.3,16,16
2/20/2012,413.6,13,15
2/21/2012,424.3,3,16
2/22/2012,430.7,11,17
2/23/2012,436.9,10,17
2/24/2012,439.3,14,14
2/25/2012,441.6,13,12
2/26/2012,450.7,2,12
2/27/2012,453.3,15,14
2/28/2012,457.2,12,13
2/29/2012,458.7,15,12
3/1/2012,461.2,14,11
3/2/2012,463.5,13,10
3/3/2012,465.3,13,13
3/4/2012,471.4,14,9
3/5/2012,475.5,12,12
3/6/2012,477.1,14,13
3/7/2012,483.5,8,13
3/8/2012,485.8,11,16
3/9/2012,498,6,16
3/10/2012,504.1,10,13
3/11/2012,508.2,7,11
3/12/2012,524.3,-1,7
3/13/2012,538,-3,12
3/14/2012,541.5,11,9
3/15/2012,554.7,3,11
3/16/2012,571.9,-2,9
3/17/2012,587.6,-1,8
3/18/2012,592.5,5,11
3/19/2012,601.5,9,16
3/20/2012,619.3,-3,12
3/21/2012,632.5,-1,10
3/22/2012,650.8,-2,11
3/23/2012,668.5,-2,5
3/24/2012,686.2,-5,6
3/25/2012,703.3,-5,3
3/26/2012,723.5,-2,7
3/27/2012,742.8,-4,7
3/28/2012,760.7,-7,6
3/29/2012,780.1,-3,8
3/30/2012,794.3,1,7
3/31/2012,796.6,12,10
4/1/2012,804.2,9,11
4/2/2012,823.3,-4,19
4/3/2012,844.2,-5,9
4/4/2012,860.3,-1,9
4/5/2012,872.4,3,9
4/6/2012,878.2,3,10
4/7/2012,900.2,-7,10
4/8/2012,910.9,8,12
4/9/2012,922.1,6,12
4/10/2012,927.9,1,10
4/11/2012,933.1,11,10
4/12/2012,940.5,11,12
4/13/2012,953.9,3,11
4/14/2012,972.9,-6,19
4/15/2012,992.4,-3,20
4/16/2012,1001.1,8,11
4/17/2012,1021.3,-8,11
4/18/2012,1029.5,7,13
4/19/2012,1041.9,4,13
4/20/2012,1059,-3,11
4/21/2012,1072.4,10,11
4/22/2012,1086.1,2,11
4/23/2012,1103.4,-4,11
4/24/2012,1114.9,2,10
4/25/2012,1126.1,6,10
4/26/2012,1133.9,10,9
4/27/2012,1147.7,2,10
4/28/2012,1158.9,2,8
4/29/2012,1167,7,6
4/30/2012,1186.9,10,5
5/1/2012,1202,-8,5
5/2/2012,1222.9,-7,3
5/3/2012,1228,8,6
5/4/2012,1233,8,4
5/5/2012,1253.5,-7,6
5/6/2012,1258.9,12,5
5/7/2012,1270.9,5,8
5/8/2012,1292.2,-8,6
5/9/2012,1302.6,3,7
5/10/2012,1318.4,3,4
5/11/2012,1327.7,5,2
5/12/2012,1338.1,3,4
5/13/2012,1359,-7,5
5/14/2012,1381.3,-5,6
5/15/2012,1410,-15,5
5/16/2012,1421.5,-1,7
5/17/2012,1452,-17,8
5/18/2012,1469,-2,8
5/19/2012,1477,1,6
5/20/2012,1499,-9,2
5/21/2012,1518,-3,2
5/22/2012,1533,-6,2
5/23/2012,1561.9,-13,2
5/24/2012,1588.2,-14,1
5/25/2012,1607.5,-12,1
5/26/2012,1636.7,-20,1
5/27/2012,1665,-15,1
5/28/2012,1692.3,-11,1
5/29/2012,1721.6,-17,1
5/30/2012,1746.3,3,1
5/31/2012,1769.4,-10,1
6/1/2012,1782.5,-4,1
6/2/2012,1802.4,-10,1
6/3/2012,1825.9,-12,2
6/4/2012,1829.1,11,4
6/5/2012,1836.4,7,6
6/6/2012,1864.2,-5,6
6/7/2012,1881.1,-1,5
6/8/2012,1893.6,2,2
6/9/2012,1916,12,3
6/10/2012,1936.8,-4,4
6/11/2012,1948.9,-1,3
6/12/2012,1959.3,-1,3
6/13/2012,1968.7,3,4
6/14/2012,1981.3,3,5
6/15/2012,2007.3,-13,3
6/16/2012,2015.3,2,3
6/17/2012,2034.2,-3,3
6/18/2012,2056.7,-17,2
6/19/2012,2069.9,-1,3
6/20/2012,2090.4,-7,2
6/21/2012,2110.9,-5,2
6/22/2012,2122.7,-1,1
6/23/2012,2142.4,6,1
6/24/2012,2162.4,-6,3
6/25/2012,2173.1,5,3
6/26/2012,2195.7,-7,4
6/27/2012,2219.1,-10,2
6/28/2012,2228.8,3,1
6/29/2012,2251.2,-12,1
6/30/2012,2270.3,-9,1
7/1/2012,2294.4,-10,1
7/2/2012,2317.9,-13,1
7/3/2012,2343.5,-12,1
7/4/2012,2356,1,1
7/5/2012,2376.1,-8,1
7/6/2012,2391.1,-3,1
7/7/2012,2412.8,-11,1
7/8/2012,2430.5,-4,1
7/9/2012,2445.3,0,1
7/10/2012,2456.1,2,1
7/11/2012,2468.7,-2,2
7/12/2012,2484,-10,2
7/13/2012,2500,-15,2
7/14/2012,2515,-15,2
7/15/2012,2531.4,-10,2
7/16/2012,2545.5,1,5
7/17/2012,2552.8,7,5
7/18/2012,2563.4,5,4
7/19/2012,2582.8,-5,3
7/20/2012,2595.9,2.4,2
7/21/2012,2605,4,4
7/22/2012,2627.4,-8,3
7/23/2012,2653.4,-19,2
7/24/2012,2680.6,-15,1
7/25/2012,2707.3,-15,1
7/26/2012,2733,-12,0
7/27/2012,2756,-13,0
7/28/2012,2771.2,-4,0
7/29/2012,2783.7,0,0
7/30/2012,2801.7,-9,0
7/31/2012,2817.4,-6,0
8/1/2012,2825.8,7,3
8/2/2012,2840.6,0,2
8/3/2012,2858.7,-7,1
8/4/2012,2873.3,-1,1
8/5/2012,2888.9,-2,1
8/6/2012,2904.7,-4,1
8/7/2012,2918.8,-4,1
8/8/2012,2932.3,1,2
8/9/2012,2943.8,2,3
8/10/2012,2964.1,-6,2
8/11/2012,2990.1,-7,1
8/12/2012,3014.5,-8,0
8/13/2012,3040.6,-16,0
8/14/2012,3059.6,-6,0
8/15/2012,3072.4,-3,0
8/16/2012,3086.3,-5,0
8/17/2012,3100.6,-2,0
8/18/2012,3125,-12,4
8/19/2012,3147.2,-12,0
8/20/2012,3164.3,-7,0
8/21/2012,3174.7,0,0
8/22/2012,3190.5,-3,0
8/23/2012,3207.2,-5,0
8/24/2012,3229.2,-13,0
8/25/2012,3245,-2,0
8/26/2012,3256.5,2,2
8/27/2012,3270.1,4,1
8/28/2012,3286.8,-4,3
8/29/2012,3306.3,-3,2
8/30/2012,3325.5,-7,1
8/31/2012,3337.4,3,2
9/1/2012,3351,2,4
9/2/2012,3374,-13,3
9/3/2012,3389.6,1,2
9/4/2012,3407.6,-6,2
9/5/2012,3427.6,-8,2
9/6/2012,3445.6,-4,2
9/7/2012,3466.3,-8,2
9/8/2012,3487.1,-10,3
9/9/2012,3507.5,-11,2
9/10/2012,3528.3,-7,1
9/11/2012,3543.6,-3,1
9/12/2012,3553,2,2
9/13/2012,3566.5,2,3
9/14/2012,3576.3,5,5
9/15/2012,3582.1,10,6
9/16/2012,3597.6,2,3
9/17/2012,3613.6,-1,3
9/18/2012,3620.2,4,3
9/19/2012,3636.5,-2,4
9/20/2012,3650.5,2,6
9/21/2012,3662.8,0,6
9/22/2012,3672,8,6
9/23/2012,3689.6,-2,6
9/24/2012,3694,10,6
9/25/2012,3700.3,8,7
9/26/2012,3710.5,5,6
9/27/2012,3720.9,4,6
9/28/2012,3730.8,7,6
9/29/2012,3741,4,6
9/30/2012,3755.7,0,7
10/1/2012,3771.7,-7,6
10/2/2012,3781.2,4,7
10/3/2012,3788.8,7,4
10/4/2012,3792.4,11,8
10/5/2012,3806.7,2,6
10/6/2012,3810.9,10,6
10/7/2012,3814.4,12,7
10/8/2012,3826.6,5,7
10/9/2012,3835,6,9
10/10/2012,3840.7,9,10
10/11/2012,3851.8,5,8
10/12/2012,3862,5,7
10/13/2012,3870.2,7,11
10/14/2012,3872.3,14,10
10/15/2012,3877.7,16,10
10/16/2012,3885.3,8,9
10/17/2012,3894.8,8,10
10/18/2012,3899.2,12,6
10/19/2012,3902.3,14,4
10/20/2012,3906.9,7,4
10/21/2012,3910.1,7,6
10/22/2012,3915.6,9,3
10/23/2012,3925.2,5,4
10/24/2012,3933.4,6,5
10/25/2012,3942.1,7,5
10/26/2012,3943.6,11,11
10/27/2012,3945.6,11,14
10/28/2012,3954.8,7,12
10/29/2012,3964.1,5,10
10/30/2012,3965.9,4,12
10/31/2012,3970.2,11,12
11/1/2012,3979.1,8,12
11/2/2012,3983.2,12,12
11/3/2012,3987.2,10,14
11/4/2012,3993.8,11,12
11/5/2012,3998.3,12,13
11/6/2012,4001.2,14,13
11/7/2012,4005.5,10,13
11/8/2012,4008.6,13,11
11/9/2012,4011.2,13,10
11/10/2012,4014.9,13,10
11/11/2012,4015.9,10,10
11/12/2012,4020.2,20,10
11/13/2012,4022.1,16,12
11/14/2012,4023.9,13,11
11/15/2012,4031.1,9,13
11/16/2012,4032.9,12,14
11/17/2012,4036.6,16,13
11/18/2012,4037.6,21,15
11/19/2012,4039.3,16,13
11/20/2012,4041.2,15,14
11/21/2012,4045.5,13,12
11/22/2012,4047.4,19,13
11/23/2012,4053.3,10,13
11/24/2012,4054.1,19,13
11/25/2012,4055,21,12
11/26/2012,4059,16,11
11/27/2012,4061.3,11,11
11/28/2012,4063.1,15,13
11/29/2012,4066.7,14,15
11/30/2012,4069.2,15,13
12/1/2012,4072,13,17
12/2/2012,4074.6,19,16
12/3/2012,4077.6,15,15
12/4/2012,4078,19,18
12/5/2012,4079.8,14,18
12/6/2012,4080.6,15,18
12/7/2012,4082.1,16,20
12/8/2012,4083.8,16,21
12/9/2012,4088.7,13,19
12/10/2012,4089,20,16
12/11/2012,4090.4,14,17
12/12/2012,4095.6,14,21
12/13/2012,4100.4,13,21
12/14/2012,4103.3,16,19
12/15/2012,4104.1,20,16
12/16/2012,4105.5,17,13
12/17/2012,4106.8,17,13
12/18/2012,4107.8,16,13
12/19/2012,4109.1,18,15
12/20/2012,4111.2,15,13
12/21/2012,4111.8,20,17
12/22/2012,4113.1,17,14
12/23/2012,4113.3,24,13
12/24/2012,4113.6,19,11
12/25/2012,4115.5,18,11
12/26/2012,4117.7,19,11
12/27/2012,4119.2,18,13
12/28/2012,4120.6,16,13
12/29/2012,4121.6,17,13
12/30/2012,4124.5,18,12
12/31/2012,4126.9,16,5
1/1/2013,4128,21,13
1/2/2013,4130.7,19,12
1/3/2013,4133.1,17,14
1/4/2013,4133.7,18,13
1/5/2013,4134.1,18,11
1/6/2013,4134.3,20,11
1/7/2013,4135.4,14,11
1/8/2013,4135.8,17,13
1/9/2013,4136.7,15,14
1/10/2013,4136.9,16,14
1/11/2013,4139.6,17,15
1/12/2013,4141.7,17,19
1/13/2013,4145.9,17,19
1/14/2013,4151.1,15,21
1/15/2013,4153.4,16,23
1/16/2013,4153.4,18,23
1/17/2013,4154.6,18,25
1/18/2013,4155.4,16,25
1/19/2013,4157.6,10,21
1/20/2013,4158.8,23,24
1/21/2013,4158.9,20,24
1/22/2013,4158.9,20,23
1/23/2013,4162.1,14,21
1/24/2013,4167,12,24
1/25/2013,4171.8,16,23
1/26/2013,4174.6,17,24
1/27/2013,4175.2,21,24
1/28/2013,4177.3,17,19
1/29/2013,4181.9,13,20
1/30/2013,4182.7,17,15
1/31/2013,4188,12,12
2/1/2013,4191,14,8
2/2/2013,4191.8,16,20
2/3/2013,4197.9,13,20
2/4/2013,4200.6,17,16
2/5/2013,4205.6,11,15
2/6/2013,4211.6,11,18
2/7/2013,4216.3,15,19
2/8/2013,4221.3,11,18
2/9/2013,4227,11,19
2/10/2013,4231.2,19,19
2/11/2013,4239.3,12,19
2/12/2013,4242,12,22
2/13/2013,4244.5,15,23
2/14/2013,4252.4,11,20
2/15/2013,4253.4,16,22
2/16/2013,4259.6,12,18
2/17/2013,4261.6,18,15
2/18/2013,4265,18,15
2/19/2013,4274.8,5,16
2/20/2013,4279.3,13,18
2/21/2013,4287.9,13,20
2/22/2013,4292.5,15,21
2/23/2013,4295.6,16,25
2/24/2013,4299.8,20,24
2/25/2013,4301.6,17,21
2/26/2013,4303.3,19,19
2/27/2013,4309.4,15,14
2/28/2013,4310.5,17,21
3/1/2013,4313.2,16,19
3/2/2013,4315.8,18,19
3/3/2013,4321.4,16,18
3/4/2013,4327.5,16,17
3/5/2013,4341.7,6,15
3/6/2013,4352.3,10,13
3/7/2013,4364.8,7,11
3/8/2013,4370.8,10,11
3/9/2013,4377.2,12,10
3/10/2013,4378.5,20,13
3/11/2013,4380.2,18,17
3/12/2013,4382.6,14,23
3/13/2013,4390.5,9,26
3/14/2013,4401.1,7,22
3/15/2013,4412.3,6,21
3/16/2013,4419,13,21
3/17/2013,4426.8,13,18
3/18/2013,4433.2,13,15
3/19/2013,4444,7,13
3/20/2013,4452.5,7,15
3/21/2013,4455.3,16,18
3/22/2013,4465.4,7,17
3/23/2013,4476.6,6,20
3/24/2013,4479.4,18,21
3/25/2013,4479.6,15,22
3/26/2013,4490.9,6,21
3/27/2013,4511.7,-1,20
3/28/2013,4531.9,-1,18
3/29/2013,4542.3,9,18
3/30/2013,4549.6,8,20
3/31/2013,4556.7,18,17
4/1/2013,4564.5,16,19
4/2/2013,4587.6,-4,17
4/3/2013,4611,-7,16
4/4/2013,4621.5,7,18
4/5/2013,4639.6,0,15
4/6/2013,4644,11,17
4/7/2013,4654.7,7,15
4/8/2013,4676.7,0,13
4/9/2013,4687.5,7,13
4/10/2013,4697,10,13
4/11/2013,4706.7,7,11
4/12/2013,4712.9,11,11
4/13/2013,4725.1,16,11
4/14/2013,4739.7,4,10
4/15/2013,4763.6,-15,4
4/16/2013,4776.9,5,5
4/17/2013,4787.2,4,6
4/18/2013,4803.7,-1,4
4/19/2013,4829.1,-9,5
4/20/2013,4843.6,-2,10
4/21/2013,4871,-8,10
4/22/2013,4893.8,-10,8
4/23/2013,4917.4,-13,9
4/24/2013,4932.1,0,7
4/25/2013,4956.2,-7,5
4/26/2013,4979.7,-11,3
4/27/2013,4981.3,16,8
4/28/2013,4996.4,1,10
4/29/2013,5025.3,-14,10
4/30/2013,5042.7,-3,10
5/1/2013,5066.4,-9,8
5/2/2013,5087.7,-4,7
5/3/2013,5111.7,-10,6
5/4/2013,5132.2,-9,4
5/5/2013,5149.7,0,7
5/6/2013,5174,-11,4
5/7/2013,5194.6,-6,2
5/8/2013,5207.8,0,3
5/9/2013,5217.9,6,4
5/10/2013,5239.5,-9,2
5/11/2013,5250.9,5,7
5/12/2013,5262.8,5,8
5/13/2013,5271.1,9,11
5/14/2013,5282.8,4,8
5/15/2013,5296.1,0,8
5/16/2013,5323,-10,8
5/17/2013,5326.7,14,9
5/18/2013,5329.7,10,10
5/19/2013,5341.5,-1,9
5/20/2013,5365.8,-8,6
5/21/2013,5370,13,8
5/22/2013,5372.4,11,7
5/23/2013,5384,6,15
5/24/2013,5403.9,-7,9
5/25/2013,5423,-4,12
5/26/2013,5441.7,0,10
5/27/2013,5458.7,0,7
5/28/2013,5487.9,18,5
5/29/2013,5502.4,-1,4
5/30/2013,5507.2,11,9
5/31/2013,5516.6,7,7
6/1/2013,5543,-14,4
6/2/2013,5559.5,2,6
6/3/2013,5588.7,-14,4
6/4/2013,5613.6,-12,6
6/5/2013,5640.5,-15,4
6/6/2013,5665.2,-10,12
6/7/2013,5689.7,-13,2
6/8/2013,5718,-17,1
6/9/2013,5747.3,-14,1
6/10/2013,5777.1,-15,1
6/11/2013,5802.2,-15,2
6/12/2013,5815.7,-2,2
6/13/2013,5828.5,1,2
6/14/2013,5836.8,7,2
6/15/2013,5861.2,-11,2
6/16/2013,5886.9,-9,3
6/17/2013,5902,-1,3
6/18/2013,5920.3,-8,1
6/19/2013,5938,-7,1
6/20/2013,5950.4,-1,1
6/21/2013,5968.9,-2,1
6/22/2013,5978,3,1
6/23/2013,5987.8,5,1
6/24/2013,6005.9,-3,3
6/25/2013,6013.4,5,5
6/26/2013,6035.4,-6,4
6/27/2013,6055.1,-7,3
6/28/2013,6072,-1,4
6/29/2013,6079,6,5
6/30/2013,6099.2,-5,4
7/1/2013,6122,-13,2
7/2/2013,6140,-6,1
7/3/2013,6156.2,-4,3
7/4/2013,6163.8,11,2
7/5/2013,6174.8,0,2
7/6/2013,6188,-1,1
7/7/2013,6211.9,-10,0
7/8/2013,6240.1,-18,0
7/9/2013,6266.9,-14,0
7/10/2013,6295.1,-18,0
7/11/2013,6314.7,-6,0
7/12/2013,6341.7,-12,0
7/13/2013,6354.3,-5,2
7/14/2013,6381.3,-12,1
7/15/2013,6401.4,-4,1
7/16/2013,6430.3,-22,0
7/17/2013,6454,-12,0
7/18/2013,6477,-11,0
7/19/2013,6503.5,-16,0
7/20/2013,6527.8,-14,0
7/21/2013,6545.6,-3,0
7/22/2013,6571,-16,0
7/23/2013,6594.2,-11,0
7/24/2013,6614.9,-11,0
7/25/2013,6641,-14,0
7/26/2013,6661,-9,0
7/27/2013,6678.4,-5,0
7/28/2013,6694.3,-4,0
7/29/2013,6717.8,-12,0
7/30/2013,6741.1,-13,0
7/31/2013,6749,5,0
8/1/2013,6766.7,-5,0
8/2/2013,6792.8,-16,0
8/3/2013,6814,-12,0
8/4/2013,6835.1,-10,0
8/5/2013,6859.8,-14,0
8/6/2013,6876.3,-6,0
8/7/2013,6888.9,2,0
8/8/2013,6891.6,12,1
8/9/2013,6910.6,-6,2
8/10/2013,6929.7,-7,1
8/11/2013,6944,-1,1
8/12/2013,6957,-4,1
8/13/2013,6970.7,0,2
8/14/2013,6995,-11,2
8/15/2013,7007,0,3
8/16/2013,7021,-4,2
8/17/2013,7035.7,-7,2
8/18/2013,7053.9,-5,1
8/19/2013,7070,-2,1
8/20/2013,7094,-11,1
8/21/2013,7110,-6,1
8/22/2013,7132,-10,2
8/23/2013,7140,3,1
8/24/2013,7162,-10,1
8/25/2013,7167,10,1
8/26/2013,7178,3,1
8/27/2013,7193,-5,1
8/28/2013,7214,-9,1
8/29/2013,7230,-5,1
8/30/2013,7252,-10,1
8/31/2013,7266,-1,1
9/1/2013,7286,-8,1
9/2/2013,7299,3,2
9/3/2013,7320,-9,2
9/4/2013,7332,0,1
9/5/2013,7352,-9,1
9/6/2013,7372,-7,1
9/7/2013,7383,-1,1
9/8/2013,7399,2,1
9/9/2013,7414,-3,1
9/10/2013,7420,3,3
9/11/2013,7430,8,6
9/12/2013,7437,7,6
9/13/2013,7447,5,4
9/14/2013,7452,8,6
9/15/2013,7458,2,4
9/16/2013,7468,7,5
9/17/2013,7485,0,5
9/18/2013,7492,7,7
9/19/2013,7497,9,9
9/20/2013,7504,7,6
9/21/2013,7514,5,7
9/22/2013,7527,6,5
9/23/2013,7533,9,4
9/24/2013,7543,3,3
9/25/2013,7559,-1,3
9/26/2013,7571,3,4
9/27/2013,7584,0,4
9/28/2013,7598,-3,8
9/29/2013,7610,3,7
9/30/2013,7625,2,6
10/1/2013,7640,-4,7
10/2/2013,7654,-1,6
10/3/2013,7670,0,4
10/4/2013,7680,4,5
10/5/2013,7688,8,4
10/6/2013,7692,13,4
10/7/2013,7701,6,4
10/8/2013,7711,2,6
10/9/2013,7719,6,5
10/10/2013,7725,9,6
10/11/2013,7732,10,10
10/12/2013,7735,11,10
10/13/2013,7746,7,10
10/14/2013,7747,16,13
10/15/2013,7749,13,10
10/16/2013,7752,13,11
10/17/2013,7756,15,10
10/18/2013,7767,5,9
10/19/2013,7776,7,8
10/20/2013,7778,11,6
10/21/2013,7783,15,6
10/22/2013,7788,11,5
10/23/2013,7795,8,4
10/24/2013,7800,11,5
10/25/2013,7809,9,8
10/26/2013,7813,10,6
10/27/2013,7819,12,5
10/28/2013,7822,15,6
10/29/2013,7826,12,8
10/30/2013,7833,7,19
10/31/2013,7838,10,10
11/1/2013,7844,13,14
11/2/2013,7849,11,10
11/3/2013,7850,14,9
11/4/2013,7856,12,11
11/5/2013,7858,14,12
11/6/2013,7860,14,15
11/7/2013,7861,15,11
11/8/2013,7863,16,9
11/9/2013,7866,14,11
11/10/2013,7869,8,13
11/11/2013,7874,9,15
11/12/2013,7878,6,13
11/13/2013,7880,16,14
11/14/2013,7884,11,20
11/15/2013,7886,18,13
11/16/2013,7891,10,14
11/17/2013,7893,11,14
11/18/2013,7894,19,15
11/19/2013,7896,14,13
11/20/2013,7897,15,17
11/21/2013,7899,17,18
11/22/2013,7903,15,17
11/23/2013,7904,14,17
11/24/2013,7906,21,17
11/25/2013,7908,18,14
11/26/2013,7912,12,14
11/27/2013,7914,17,14
11/28/2013,7918,13,14
11/29/2013,7919,17,14
11/30/2013,7920,21,15
12/1/2013,7922,17,14
12/2/2013,7927,13,14
12/3/2013,7931,10,14
12/4/2013,7936,13,18
12/5/2013,7937,18,17
12/6/2013,7938,16,18
12/7/2013,7943,12,18
12/8/2013,7945,16,17
12/9/2013,7947,18,14
12/10/2013,7952,11,14
12/11/2013,7957,11,16
12/12/2013,7962,11,18
12/13/2013,7965,10,19
12/14/2013,7970,15,19
12/15/2013,7975,9,17
12/16/2013,7977,17,15
12/17/2013,7981,11,13
12/18/2013,7982,14,12
12/19/2013,7986,13,14
12/20/2013,7990,11,13
12/21/2013,7995,11,15
12/22/2013,7997,20,15
12/23/2013,7998,19,15
12/24/2013,7999.8,16,15
12/25/2013,8000,19,14
12/26/2013,8002,14,13
12/27/2013,8006,11,16
12/28/2013,8007,16,15
12/29/2013,8010,17,14
12/30/2013,8014,14,15
12/31/2013,8016,10,15
1/1/2014,8018,20,16
1/2/2014,8021,12,14
1/3/2014,8023,18,13
1/4/2014,8026,9,14
1/5/2014,8027,10,12
1/6/2014,8029,17,15
1/7/2014,8031,15,12
1/8/2014,8034,10,11
1/9/2014,8037,14,12
1/10/2014,8038,14,14
1/11/2014,8041,11,14
1/12/2014,8046,14,16
1/13/2014,8052,10,16
1/14/2014,8057,10,13
1/15/2014,8058,17,16
1/16/2014,8059,18,17
1/17/2014,8060,13,14
1/18/2014,8062,16,14
1/19/2014,8064,16,13
1/20/2014,8067,15,13
1/21/2014,8068,14,13
1/22/2014,8070,16,15
1/23/2014,8075,13,16
1/24/2014,8076,15,16
1/25/2014,8082,10,16
1/26/2014,8084,18,18
1/27/2014,8087,16,18
1/28/2014,8088,16,18
1/29/2014,8090,14,20
1/30/2014,8094,15,18
1/31/2014,8097,12,17
2/1/2014,8101,12,17
2/2/2014,8104,20,12
2/3/2014,8109,11,19
2/4/2014,8117,11,16
2/5/2014,8122,8,14
2/6/2014,8126,16,16
2/7/2014,8129,15,13
2/8/2014,8130,15,17
2/9/2014,8132,20,16
2/10/2014,8135,8,17
2/11/2014,8137,12,15
2/12/2014,8141,16,17
2/13/2014,8147,12,17
2/14/2014,8149,14,16
2/15/2014,8151,14,14
2/16/2014,8157,11,15
2/17/2014,8167,8,15
2/18/2014,8175,9,13
2/19/2014,8177,12,14
2/20/2014,8182,10,14
2/21/2014,8183,13,14
2/22/2014,8193,5,13
2/23/2014,8200,11,15
2/24/2014,8211,5,7
2/25/2014,8220,5,12
2/26/2014,8226,6,11
2/27/2014,8236,9,14
2/28/2014,8238,12,15
3/1/2014,8242,9,14
3/2/2014,8245,12,15
3/3/2014,8254,9,15
3/4/2014,8261,11,14
3/5/2014,8267,7,14
3/6/2014,8280,2,14
3/7/2014,8295,3,13
3/8/2014,8302,12,12
3/9/2014,8316,1,10
3/10/2014,8331,0,8
3/11/2014,8344,-3,8
3/12/2014,8359,2,7
3/13/2014,8378,4,9
3/14/2014,8386,2,9
3/15/2014,8402,1,9
3/16/2014,8406,11,12
3/17/2014,8423,0,9
3/18/2014,8430,8,9
3/19/2014,8434,9,11
3/20/2014,8449,3,9
3/21/2014,8467,-1,6
3/22/2014,8479,3,10
3/23/2014,8492,4,12
3/24/2014,8505,3,14
3/25/2014,8516,5,13
3/26/2014,8531,2,12
3/27/2014,8544,3,14
3/28/2014,8554,6,13
3/29/2014,8572,-3,10
3/30/2014,8588,-4,7
3/31/2014,8599,7,6
4/1/2014,8612,2,5
4/2/2014,8631,-4,4
4/3/2014,8648,-6,4
4/4/2014,8658,8,3
4/5/2014,8663,9,5
4/6/2014,8685,-7,6
4/7/2014,8694,6,5
4/8/2014,8708,1,3
4/9/2014,8723,4,7
4/10/2014,8743,-2,10
4/11/2014,8763,-8,7
4/12/2014,8775,3,7
4/13/2014,8787,4,7
4/14/2014,8808,-4,7
4/15/2014,8828,-3,8
4/16/2014,8848,-4,9
4/17/2014,8874,-12,9
4/18/2014,8891,-4,9
4/19/2014,8909,-3,9
4/20/2014,8936,-10,7
4/21/2014,8947,4,5
4/22/2014,8959,1,5
4/23/2014,8976,-3,5
4/24/2014,9000,-13,3
4/25/2014,9013,2,4
4/26/2014,9035,-6,2
4/27/2014,9050,1,4
4/28/2014,9065,0,5
4/29/2014,9074,5,4
4/30/2014,9080,10,5
5/1/2014,9107,-10,5
5/2/2014,9125,-8,5
5/3/2014,9132,-6,7
5/4/2014,9152,6,8
5/5/2014,9173,-4,6
5/6/2014,9196,-12,6
5/7/2014,9210,5,5
5/8/2014,9226,0,5
5/9/2014,9232,10,8
5/10/2014,9250,-3,7
5/11/2014,9258,6,9
5/12/2014,9266,9,10
5/13/2014,9283,-3,8
5/14/2014,9306,-8,7
5/15/2014,9329,-6,8
5/16/2014,9356,-12,6
5/17/2014,9387,-19,4
5/18/2014,9415,-12,3
5/19/2014,9435,-19,1
5/20/2014,9455,-1,1
5/21/2014,9475,-1,1
5/22/2014,9495,-1,1
5/23/2014,9516,-1,1
5/24/2014,9538,-5,1
5/25/2014,9559,-7,1
5/26/2014,9580,-8,1
5/27/2014,9590,7,3
5/28/2014,9595,9,3
5/29/2014,9601,10,5
5/30/2014,9615,0,3
5/31/2014,9637,-3,3
6/1/2014,9654,-1,3
6/2/2014,9675,-10,3
6/3/2014,9703,-15,1
6/4/2014,9720,-3,2
6/5/2014,9732,4,3
6/6/2014,9757,4,4
6/7/2014,9788,-17,1
6/8/2014,9809,-10,1
6/9/2014,9836,-13,1
6/10/2014,9850,-2,1
6/11/2014,9862,0,1
6/12/2014,9894,-18,0
6/13/2014,9918,-11,0
6/14/2014,9945,-14,0
6/15/2014,9966,-8,0
6/16/2014,9986,-5,1
6/17/2014,9996,7,1
6/18/2014,10012,-7,1
6/19/2014,10028,0,2
6/20/2014,10042,-2,3
6/21/2014,10056,1,3
6/22/2014,10075,-5,1
6/23/2014,10102,-14,1
6/24/2014,10130,-14,1
6/25/2014,10157,-15,1
6/26/2014,10175,-2,1
6/27/2014,10198,-10,1
6/28/2014,10210,1,1
6/29/2014,10225,0,1
6/30/2014,10248,-1,1
7/1/2014,10274,-13,2
7/2/2014,10302,-8,1
7/3/2014,10328,-13,1
7/4/2014,10359,-18,0
7/5/2014,10374,-2,0
7/6/2014,10385,-3,0
7/7/2014,10395,4,0
7/8/2014,10412,-3,0
7/9/2014,10417,7,0
7/10/2014,10419,13,5
7/11/2014,10427,8,2
7/12/2014,10432,10,2
7/13/2014,10436,9,2
7/14/2014,10449,3,2
7/15/2014,10473,-8,1
7/16/2014,10487,-5,1
7/17/2014,10516,-16,0
7/18/2014,10541,-11,0
7/19/2014,10569,-15,0
7/20/2014,10583,-3,0
7/21/2014,10591,-1,0
7/22/2014,10603,8,0
7/23/2014,10630,-14,0
7/24/2014,10658,-16,0
7/25/2014,10680,-8,0
7/26/2014,10691,1,0
7/27/2014,10707,-5,0
7/28/2014,10723,-1,0
7/29/2014,10730,-1,0
7/30/2014,10752,-3,0
7/31/2014,10774,-12,0
8/1/2014,10800,-12,0
8/2/2014,10819,-7,0
8/3/2014,10841,-9,0
8/4/2014,10856,-5,0
8/5/2014,10876,-9,0
8/6/2014,10900,-10,0
8/7/2014,10906,6,0
8/8/2014,10922,-3,0
8/9/2014,10929,9,0
8/10/2014,10946,-2,0
8/11/2014,10958,1,0
8/12/2014,10980,-6,0
8/13/2014,11002,-11,0
8/14/2014,11022,-9,1
8/15/2014,11032,6,4
8/16/2014,11050,11,3
8/17/2014,11071,-5,2
8/18/2014,11079,8,3
8/19/2014,11090,-2,5
8/20/2014,11112,-11,5
8/21/2014,11125,5,6
8/22/2014,11137,3,5
8/23/2014,11148,5,5
8/24/2014,11170,-8,4
8/25/2014,11184,1,5
8/26/2014,11190,12,5
8/27/2014,11192,12,5
8/28/2014,11210,-2,3
8/29/2014,11218,7,3
8/30/2014,11232,-1,2
8/31/2014,11239,10,3
9/1/2014,11253,-3,3
9/2/2014,11268,0,3
9/3/2014,11284,1,2
9/4/2014,11306,-7,2
9/5/2014,11316,4,2
9/6/2014,11329,-2,1
9/7/2014,11333,11,1
9/8/2014,11349,-2,1
9/9/2014,11370,-9,1
9/10/2014,11384,2,4
9/11/2014,11397,1,4
9/12/2014,11412,4,3
9/13/2014,11430,-4,2
9/14/2014,11447,-8,3
9/15/2014,11460,2,3
9/16/2014,11472,3,2
9/17/2014,11489,-1,2
9/18/2014,11506,-4,2
9/19/2014,11519,2,1
9/20/2014,11532,1,1
9/21/2014,11543,4,1
9/22/2014,11556,1,1
9/23/2014,11566,2,3
9/24/2014,11576,4,5
9/25/2014,11583,11,6
9/26/2014,11597,-2,6
9/27/2014,11601,11,4
9/28/2014,11616,1,4
9/29/2014,11629,0,3
9/30/2014,11633,11,3
10/1/2014,11644,4,3
10/2/2014,11655,4,3
10/3/2014,11659,12,4
10/4/2014,11670,1,3
10/5/2014,11677,5,3
10/6/2014,11680,13,5
10/7/2014,11684,13,6
10/8/2014,11692,6,6
10/9/2014,11697,13,7
10/10/2014,11708,5,6
10/11/2014,11716,-3,5
10/12/2014,11721,11,7
10/13/2014,11729,8,5
10/14/2014,11733,13,5
10/15/2014,11737,15,8
10/16/2014,11744,10,7
10/17/2014,11751,8,6
10/18/2014,11759,5,5
10/19/2014,11770,5,3
10/20/2014,11775,12,2
10/21/2014,11785,4,4
10/22/2014,11787,12,8
10/23/2014,11790,13,10
10/24/2014,11795,12,9
10/25/2014,11797,15,8
10/26/2014,11803,9,7
10/27/2014,11807,12,8
10/28/2014,11815,7,6
10/29/2014,11823,8,8
10/30/2014,11824,16,10
10/31/2014,11829,12,5
11/1/2014,11838,6,6
11/2/2014,11845,7,6
11/3/2014,11850,7,7
11/4/2014,11853,11,7
11/5/2014,11856,13,9
11/6/2014,11859,15,12
11/7/2014,11861,14,11
11/8/2014,11865,13,11
11/9/2014,11871,11,11
11/10/2014,11875,13,10
11/11/2014,11880,8,10
11/12/2014,11887,10,11
11/13/2014,11891,10,9
11/14/2014,11896,9,12
11/15/2014,11897,15,10
11/16/2014,11899,14,11
11/17/2014,11900,16,11
11/18/2014,11903,13,11
11/19/2014,11905,17,10
11/20/2014,11905,15,11
11/21/2014,11910,12,12
11/22/2014,11915,11,13
11/23/2014,11920,15,12
11/24/2014,11923,7,10
11/25/2014,11927,16,11
11/26/2014,11930,11,14
11/27/2014,11931,16,13
11/28/2014,11933,14,11
11/29/2014,11935,12,11
11/30/2014,11939,15,15
12/1/2014,11939,16,16
12/2/2014,11939,17,16
12/3/2014,11940,16,16
12/4/2014,11940,17,19
12/5/2014,11941,17,18
12/6/2014,11942,14,16
12/7/2014,11946,14,15
12/8/2014,11947,19,19
12/9/2014,11948,18,18
12/10/2014,11951,17,17
12/11/2014,11956,13,15
12/12/2014,11957,17,17
12/13/2014,11957,16,15
12/14/2014,11959,19,16
12/15/2014,11963,13,17
12/16/2014,11965,12,18
12/17/2014,11966,15,15
12/18/2014,11967,18,16
12/19/2014,11967,19,12
12/20/2014,11967,17,13
12/21/2014,11970,13,15
12/22/2014,11971,16,17
12/23/2014,11971,18,13
12/24/2014,11972,17,13
12/25/2014,11973,14,13
12/26/2014,11974,15,16
12/27/2014,11977,16,15
12/28/2014,11977,18,20
12/29/2014,11977,11,22
12/30/2014,11979,19,20
12/31/2014,11981,20,18
1/1/2015,11984,12,19
1/2/2015,11987,15,19
1/3/2015,11993,14,17
1/4/2015,11998,7,16
1/5/2015,11998,8,16
1/6/2015,12001,15,21
1/7/2015,12003,17,18
1/8/2015,12006,15,16
1/9/2015,12006,18,19
1/10/2015,12007,18,15
1/11/2015,12008,17,15
1/12/2015,12011,14,16
1/13/2015,12011,17,17
1/14/2015,12012,18,14
1/15/2015,12015,16,18
1/16/2015,12016,17,17
1/17/2015,12021,11,15
1/18/2015,12026,14,18
1/19/2015,12028,14,19
1/20/2015,12029,10,17
1/21/2015,12031,15,18
1/22/2015,12034,17,20
1/23/2015,12035,16,21
1/24/2015,12037,19,21
1/25/2015,12041,12,21
1/26/2015,12043,15,20
1/27/2015,12044,15,17
1/28/2015,12049,16,16
1/29/2015,12050,13,20
1/30/2015,12053,17,20
1/31/2015,12056,15,21
2/1/2015,12060,14,19
2/2/2015,12062,18,20
2/3/2015,12065,14,21
2/4/2015,12070,16,20
2/5/2015,12077,13,20
2/6/2015,12081,14,21
2/7/2015,12090,9,21
2/8/2015,12094,16,20
2/9/2015,12099,7,17
2/10/2015,12101,10,18
2/11/2015,12102,21,16
2/12/2015,12105,15,15
2/13/2015,12113,17,15
2/14/2015,12122,8,15
2/15/2015,12126,12,13
2/16/2015,12136,9,13
2/17/2015,12142,12,17
2/18/2015,12148,14,16
2/19/2015,12155,12,17
2/20/2015,12159,16,19
2/21/2015,12160,18,17
2/22/2015,12165,18,16
2/23/2015,12173,10,15
2/24/2015,12180,11,18
2/25/2015,12186,11,17
2/26/2015,12189,13,16
2/27/2015,12193,14,15
2/28/2015,12205,4,14
3/1/2015,12216,4,15
3/2/2015,12225,12,14
3/3/2015,12232,5,15
3/4/2015,12236,21,10
3/5/2015,12243,7,13
3/6/2015,12254,6,23
3/7/2015,12260,10,13
3/8/2015,12273,6,13
3/9/2015,12288,-1,11
3/10/2015,12296,6,10
3/11/2015,12311,6,10
3/12/2015,12328,-2,11
3/13/2015,12344,0,15
3/14/2015,12360,-2,13
3/15/2015,12366,12,14
3/16/2015,12369,18,14
3/17/2015,12383,-1,15
3/18/2015,12399,0,11
3/19/2015,12407,11,13
3/20/2015,12410,13,13
3/21/2015,12413,34,8
3/22/2015,12422,13,15
3/23/2015,12436,4,14
3/24/2015,12450,2,13
3/25/2015,12459,6,14
3/26/2015,12461,18,15
3/27/2015,12466,13,14
3/28/2015,12483,0,13
3/29/2015,12486,7,12
3/30/2015,12488,18,14
3/31/2015,12505,0,10
4/1/2015,12521,0,14
4/2/2015,12536,3,14
4/3/2015,12550,0,13
4/4/2015,12551,7,13
4/5/2015,12567,9,13
4/6/2015,12587,-10,13
4/7/2015,12595,12,13
4/8/2015,12615,-8,11
4/9/2015,12632,0,10
4/10/2015,12654,-4,8
4/11/2015,12675,-4,6
4/12/2015,12685,4,9
4/13/2015,12709,-5,9
4/14/2015,12729,-8,7
4/15/2015,12754,-13,6
4/16/2015,12777,-8,4
4/17/2015,12793,3,6
4/18/2015,12812,-9,7
4/19/2015,12838,-10,8
4/20/2015,12863,-10,8
4/21/2015,12889,-10,6
4/22/2015,12916,-10,6
4/23/2015,12939,-6,7
4/24/2015,12964,-9,6
4/25/2015,12982,-4,5
4/26/2015,12996,-5,6
4/27/2015,13005,9,8
4/28/2015,13022,-3,8
4/29/2015,13049,-10,9
4/30/2015,13061,5,9
5/1/2015,13083,-5,10
5/2/2015,13107,-8,8
5/3/2015,13121,4,7
5/4/2015,13128,9,5
5/5/2015,13147,-5,4
5/6/2015,13172,-11,3
5/7/2015,13195,-10,7
5/8/2015,13214,-4,6
5/9/2015,13233,-1,3
5/10/2015,13249,-3,5
5/11/2015,13275,-9,3
5/12/2015,13298,-7,1
5/13/2015,13324,-10,1
5/14/2015,13353,-9,4
5/15/2015,13365,-7,5
5/16/2015,13396,-17,6
5/17/2015,13406,3,7
5/18/2015,13429,-6,5
5/19/2015,13439,2,7
5/20/2015,13456,-3,8
5/21/2015,13483,-11,8
5/22/2015,13510,-11,8
5/23/2015,13534,-10,4
5/24/2015,13548,-3,4
5/25/2015,13576,-14,3
5/26/2015,13600,-12,3
5/27/2015,13631,-19,4
5/28/2015,13655,-9,3
5/29/2015,13671,2,4
5/30/2015,13682,-3,6
5/31/2015,13697,0,4
6/1/2015,13703,9,6
6/2/2015,13725,-6,5
6/3/2015,13732,8,7
6/4/2015,13749,-2,5
6/5/2015,13780,-16,2
6/6/2015,13797,-4,1
6/7/2015,13830,-20,1
6/8/2015,13861,-19,1
6/9/2015,13885,-12,2
6/10/2015,13911,-12,4
6/11/2015,13941,-17,2
6/12/2015,13971,-21,1
6/13/2015,13991,-7,1
6/14/2015,14025,-20,1
6/15/2015,14048,-12,1
6/16/2015,14072,-10,1
6/17/2015,14094,-9,1
6/18/2015,14114,-5,2
6/19/2015,14137,-10,1
6/20/2015,14147,5,4
6/21/2015,14162,1,5
6/22/2015,14181,-4,2
6/23/2015,14191,1,4
6/24/2015,14202,2,3
6/25/2015,14227,-9,6
6/26/2015,14253,-8,1
6/27/2015,14280,-20,1
6/28/2015,14302,-8,1
6/29/2015,14321,-12,1
6/30/2015,14348,-14,0
7/1/2015,14377,-16,0
7/2/2015,14405,-16,0
7/3/2015,14428,-12,0
7/4/2015,14450,-10,0
7/5/2015,14473,-13,0
7/6/2015,14489,-3,0
7/7/2015,14515,-15,0
7/8/2015,14527,-2,0
7/9/2015,14540,5,1
7/10/2015,14572,-21,1
7/11/2015,14600,-16,2
7/12/2015,14627,-18,1
7/13/2015,14637,11,1
7/14/2015,14642,2,2
7/15/2015,14649,7,2
7/16/2015,14660,-3,1
7/17/2015,14680,-10,1
7/18/2015,14707,-11,1
7/19/2015,14733,-13,1
7/20/2015,14752,-6,1
7/21/2015,14763,3,1
7/22/2015,14785,-8,1
7/23/2015,14800,1,1
7/24/2015,14814,-5,1
7/25/2015,14828,-3,1
7/26/2015,14839,4,1
7/27/2015,14847,9,3
7/28/2015,14855,0,3
7/29/2015,14876,-3,3
7/30/2015,14899,-10,4
7/31/2015,14910,-2,5
8/1/2015,14933,-2,4
8/2/2015,14958,-12,2
8/3/2015,14983,-12,1
8/4/2015,14999,-5,1
8/5/2015,15021,-6,1
8/6/2015,15042,-10,0
8/7/2015,15069,-10,0
8/8/2015,15087,-5,0
8/9/2015,15100,-13,0
8/10/2015,15124,0,0
8/11/2015,15134,-4,0
8/12/2015,15150,-3,0
8/13/2015,15170,-5,0
8/14/2015,15190,-6,0
8/15/2015,15200,0,0
8/16/2015,15211,6,1
8/17/2015,15220,3,1
8/18/2015,15234,3,2
8/19/2015,15243,4,4
8/20/2015,15258,-2,3
8/21/2015,15272,3,2
8/22/2015,15294,-10,1
8/23/2015,15317,-13,1
8/24/2015,15325,6,1
8/25/2015,15337,-4,2
8/26/2015,15348,6,3
8/27/2015,15362,4,1
8/28/2015,15366,6,4
8/29/2015,15386,-6,5
8/30/2015,15402,-2,1
8/31/2015,15421,-4,1
9/1/2015,15429,6,1
9/2/2015,15445,-2,1
9/3/2015,15454,4,2
9/4/2015,15464,5,5
9/5/2015,15473,9,4
9/6/2015,15480,6,6
9/7/2015,15495,5,6
9/8/2015,15504,3,4
9/9/2015,15513,6,3
9/10/2015,15531,0,4
9/11/2015,15552,-8,3
9/12/2015,15572,-5,4
9/13/2015,15577,9,5
9/14/2015,15585,11,4
9/15/2015,15598,3,4
9/16/2015,15606,6,7
9/17/2015,15611,11,4
9/18/2015,15617,9,5
9/19/2015,15628,5,5
9/20/2015,15640,2,6
9/21/2015,15656,2,6
9/22/2015,15666,9,6
9/23/2015,15670,9,5
9/24/2015,15677,10,6
9/25/2015,15687,7,7
9/26/2015,15693,7,7
9/27/2015,15707,4,7
9/28/2015,15723,2,7
9/29/2015,15736,3,6
9/30/2015,15751,0,7
10/1/2015,15768,3,7
10/2/2015,15783,0,7
10/3/2015,15798,-3,7
10/4/2015,15809,5,6
10/5/2015,15823,4,8
10/6/2015,15827,15,7
10/7/2015,15832,13,5
10/8/2015,15836,13,5
10/9/2015,15842,5,6
10/10/2015,15855,6,7
10/11/2015,15858,15,9
10/12/2015,15870,0,10
10/13/2015,15883,4,11
10/14/2015,15887,8,13
10/15/2015,15889,13,15
10/16/2015,15893,30,12
10/17/2015,15895,12,13
10/18/2015,15901,14,11
10/19/2015,15904,11,10
10/20/2015,15906,22,9
10/21/2015,15909,22,9
10/22/2015,15911,13,10
10/23/2015,15915,10,7
10/24/2015,15925,11,8
10/25/2015,15934,17,8
10/26/2015,15936,10,8
10/27/2015,15938,7,9
10/28/2015,15939,11,9
10/29/2015,15940,15,7
10/30/2015,15947,7,8
10/31/2015,15954,12,8
11/1/2015,15962,6,9
11/2/2015,15970,10,9
11/3/2015,15979,13,12
11/4/2015,15985,11,9
11/5/2015,15988,13,12
11/6/2015,15992,12,3
11/7/2015,15995,14,3
11/8/2015,15998,13,6
11/9/2015,16003,6,6
11/10/2015,16007,14,7
11/11/2015,16010,14,8
11/12/2015,16012,16,7
11/13/2015,16016,12,8
11/14/2015,16020,12,9
11/15/2015,16023,14,12
11/16/2015,16025,15,9
11/17/2015,16026,15,9
11/18/2015,16028,15,9
11/19/2015,16032,15,8
11/20/2015,16032,14,9
11/21/2015,16033,14,11
11/22/2015,16036,13,14
11/23/2015,16039,16,14
11/24/2015,16043,15,17
11/25/2015,16044,17,19
11/26/2015,16046,19,15
11/27/2015,16051,10,12
11/28/2015,16052,20,17
11/29/2015,16056,15,15
11/30/2015,16057,15,11
12/1/2015,16058,15,12
12/2/2015,16058,16,13
12/3/2015,16062,15,10
12/4/2015,16065,17,10
12/5/2015,16070,8,13
12/6/2015,16072,16,15
12/7/2015,16074,17,12
12/8/2015,16077,14,10
12/9/2015,16079,18,13
12/10/2015,16083,16,12
12/11/2015,16085,12,13
12/12/2015,16087,15,14
12/13/2015,16089,16,15
12/14/2015,16090,21,14
12/15/2015,16090,16,13
12/16/2015,16091,12,12
12/17/2015,16094,20,12
12/18/2015,16096,13,9
12/19/2015,16097,14,10
12/20/2015,16099,15,11
12/21/2015,16101,16,11
12/22/2015,16103,20,10
12/23/2015,16104,15,10
12/24/2015,16107,17,10
12/25/2015,16109,15,11
12/26/2015,16110,21,13
12/27/2015,16113,15,10
12/28/2015,16117,15,11
12/29/2015,16120,12,12
12/30/2015,16122,17,13
12/31/2015,16125,14,13
1/1/2016,16129,13,12
1/2/2016,16131,16,13
1/3/2016,16133,15,15
1/4/2016,16135,15,14
1/5/2016,16136,18,13
1/6/2016,16137,17,14
1/7/2016,16139,14,13
1/8/2016,16144,11,16
1/9/2016,16146,20,16
1/10/2016,16148,20,15
1/11/2016,16149,18,14
1/12/2016,16152,16,16
1/13/2016,16154,16,15
1/14/2016,16156,16,18
1/15/2016,16157,19,19
1/16/2016,16158,18,17
1/17/2016,16162,15,18
1/18/2016,16167,15,19
1/19/2016,16171,11,22
1/20/2016,16176,15,22
1/21/2016,16179,16,20
1/22/2016,16183,16,20
1/23/2016,16186,16,18
1/24/2016,16188,19,16
1/25/2016,16189,22,15
1/26/2016,16194,12,11
1/27/2016,16198,12,11
1/28/2016,16199,19,14
1/29/2016,16206,6,11
1/30/2016,16208,17,18
1/31/2016,16208,17,14
2/1/2016,16210,19,16
2/2/2016,16211,16,12
2/3/2016,16213,15,12
2/4/2016,16216,19,18
2/5/2016,16218,9,12
2/6/2016,16219,18,14
2/7/2016,16222,14,13
2/8/2016,16228,10,12
2/9/2016,16230,16,16
2/10/2016,16233,16,16
2/11/2016,16237,15,18
2/12/2016,16243,15,17
2/13/2016,16253,7,17
2/14/2016,16256,17,18
2/15/2016,16260,17,18
2/16/2016,16264,16,18
2/17/2016,16274,11,21
2/18/2016,16284,10,19
2/19/2016,16293,13,17
2/20/2016,16298,13,17
2/21/2016,16300,18,14
2/22/2016,16302,19,16
2/23/2016,16303,18,14
2/24/2016,16310,10,18
2/25/2016,16318,10,11
2/26/2016,16323,19,18
2/27/2016,16329,13,17
2/28/2016,16340,7,18
2/29/2016,16355,4,17
3/1/2016,16367,10,16
3/2/2016,16370,17,19
3/3/2016,16377,10,17
3/4/2016,16388,6,16
3/5/2016,16393,14,18
3/6/2016,16400,13,16
3/7/2016,16408,14,18
3/8/2016,16415,17,17
3/9/2016,16423,5,17
3/10/2016,16430,5,15
3/11/2016,16444,4,13
3/12/2016,16454,9,16
3/13/2016,16469,0,15
3/14/2016,16486,4,16
3/15/2016,16504,-2,15
3/16/2016,16514,9,16
3/17/2016,16526,11,17
3/18/2016,16542,15,13
3/19/2016,16545,13,15
3/20/2016,16550,12,13
3/21/2016,16557,10,12
3/22/2016,16563,0,13
3/23/2016,16577,5,13
3/24/2016,16587,8,11
3/25/2016,16597,7,13
3/26/2016,16607,7,14
3/27/2016,16617,8,15
3/28/2016,16631,4,12
3/29/2016,16648,2,13
3/30/2016,16667,1,11
3/31/2016,16679,3,11
4/1/2016,16685,14,12
4/2/2016,16697,5,10
4/3/2016,16706,9,8
4/4/2016,16723,-1,6
4/5/2016,16734,7,6
4/6/2016,16742,9,10
4/7/2016,16750,10,10
4/8/2016,16758,9,12
4/9/2016,16773,3,12
4/10/2016,16789,1,10
4/11/2016,16809,-4,9
4/12/2016,16822,4,8
4/13/2016,16834,4,7
4/14/2016,16847,4,8
4/15/2016,16864,-2,8
4/16/2016,16881,0,7
4/17/2016,16891,8,9
4/18/2016,16915,-6,11
4/19/2016,16923,9,10
4/20/2016,16946,0,8
4/21/2016,16969,0,9
4/22/2016,16992,-15,8
4/23/2016,17010,0,9
4/24/2016,17025,-1,8
4/25/2016,17047,-2,13
4/26/2016,17054,14,13
4/27/2016,17069,7,17
4/28/2016,17082,5,13
4/29/2016,17098,2,13
4/30/2016,17110,7,13
5/1/2016,17123,3,11
5/2/2016,17150,-10,9
5/3/2016,17170,-4,9
5/4/2016,17199,-11,8
5/5/2016,17222,-8,7
5/6/2016,17250,-13,6
5/7/2016,17275,-8,2
5/8/2016,17294,-5,1
5/9/2016,17321,-12,1
5/10/2016,17340,-4,1
5/11/2016,17351,4,1
5/12/2016,17371,-3,1
5/13/2016,17392,-7,1
5/14/2016,17417,-12,1
5/15/2016,17438,-5,6
5/16/2016,17452,1,7
5/17/2016,17468,0,8
5/18/2016,17481,5,6
5/19/2016,17495,0,4
5/20/2016,17517,-7,4
5/21/2016,17533,-2,4
5/22/2016,17553,-3,1
5/23/2016,17559,8,4
5/24/2016,17568,3,5
5/25/2016,17583,1,6
5/26/2016,17603,-4,6
5/27/2016,17626,-6,3
5/28/2016,17648,-7,2
5/29/2016,17667,-6,1
5/30/2016,17676,7,1
5/31/2016,17678,12,3
6/1/2016,17685,9,3
6/2/2016,17690,9,4
6/3/2016,17696,10,5
6/4/2016,17709,2,4
6/5/2016,17724,0,3
6/6/2016,17739,2,1
6/7/2016,17760,-8,1
6/8/2016,17781,-6,1
6/9/2016,17814,-20,1
6/10/2016,17845,-17,1
6/11/2016,17865,-7,1
6/12/2016,17882,-2,1
6/13/2016,17895,0,1
6/14/2016,17904,7,1
6/15/2016,17923,-6,1
6/16/2016,17939,-1,2
6/17/2016,17948,10,3
6/18/2016,17965,-2,3
6/19/2016,17977,4,3
6/20/2016,17998,-3,2
6/21/2016,18005,8,6
6/22/2016,18012,8,1
6/23/2016,18034,-11,1
6/24/2016,18054,-6,2
6/25/2016,18079,-12,1
6/26/2016,18091,5,1
6/27/2016,18107,-4,2
6/28/2016,18119,6,3
6/29/2016,18139,-8,3
6/30/2016,18155,2,2
7/1/2016,18165,10,1
7/2/2016,18176,1,3
7/3/2016,18200,-10,4
7/4/2016,18223,-9,2
7/5/2016,18247,-10,2
7/6/2016,18263,-4,1
7/7/2016,18291,-14,2
7/8/2016,18311,-6,1
7/9/2016,18325,-2,1
7/10/2016,18345,-7,1
7/11/2016,18367,-2,1
7/12/2016,18401,-5,1
7/13/2016,18410,-11,1
7/14/2016,18420,-11,1
7/15/2016,18448,-2,2
7/16/2016,18468,-17,2
7/17/2016,18489,-8,2
7/18/2016,18508,-2,1
7/19/2016,18530,-3,0
7/20/2016,18552,-11,0
7/21/2016,18574,-5,2
7/22/2016,18595,1,0
7/23/2016,18613,0,0
7/24/2016,18629,-1,0
7/25/2016,18651,-5,0
7/26/2016,18670,-1,0
7/27/2016,18683,-13,0
7/28/2016,18700,3,0
7/29/2016,18715,9,0
7/30/2016,18733,0,0
7/31/2016,18746,0,0
8/1/2016,18771,-12,0
8/2/2016,18781,3,1
8/3/2016,18786,10,2
8/4/2016,18800,0,2
8/5/2016,18811,0,2
8/6/2016,18832,4,1
8/7/2016,18853,-14,2
8/8/2016,18868,-2,1
8/9/2016,18893,-1,1
8/10/2016,18916,-7,1
8/11/2016,18936,-20,2
8/12/2016,18941,10,5
8/13/2016,18963,-8,2
8/14/2016,18983,-8,1
8/15/2016,18998,2,1
8/16/2016,19024,-15,1
8/17/2016,19045,-10,1
8/18/2016,19060,-12,1
8/19/2016,19080,-12,1
8/20/2016,19105,6,1
8/21/2016,19124,-9,1
8/22/2016,19139,1,1
8/23/2016,19160,-7,1
8/24/2016,19183,-11,0
8/25/2016,19206,-10,0
8/26/2016,19228,-9,0
8/27/2016,19245,-4,0
8/28/2016,19259,-2,0
8/29/2016,19278,-6,0
8/30/2016,19294,-2,0
8/31/2016,19316,-8,0
9/1/2016,19331,-8,0
9/2/2016,19354,-7,0
9/3/2016,19366,1,0
9/4/2016,19383,-3,0
9/5/2016,19390,0,0
9/6/2016,19404,2,2
9/7/2016,19413,4,1
9/8/2016,19434,-11,1
9/9/2016,19452,-5,1
9/10/2016,19473,-8,1
9/11/2016,19489,-4,1
9/12/2016,19496,6,1
9/13/2016,19510,-5,1
9/14/2016,19533,-6,1
9/15/2016,19550,-6,1
9/16/2016,19563,0,1
9/17/2016,19575,0,1
9/18/2016,19589,0,1
9/19/2016,19601,1,1
9/20/2016,19611,4,1
9/21/2016,19624,1,3
9/22/2016,19638,0,3
9/23/2016,19649,4,3
9/24/2016,19659,3,3
9/25/2016,19676,-2,3
9/26/2016,19681,7,3
9/27/2016,19689,5,6
9/28/2016,19702,3,5
9/29/2016,19715,1,3
9/30/2016,19719,9,5
10/1/2016,19726,7,5
10/2/2016,19735,5,4
10/3/2016,19741,9,5
10/4/2016,19748,9,7
10/5/2016,19752,9,7
10/6/2016,19766,0,8
10/7/2016,19774,6,9
10/8/2016,19778,13,8
10/9/2016,19788,4,8
10/10/2016,19798,3,9
10/11/2016,19806,11,8
10/12/2016,19813,11,9
10/13/2016,19815,9,10
10/14/2016,19825,4,10
10/15/2016,19829,13,10
10/16/2016,19840,5,8
10/17/2016,19850,4,6
10/18/2016,19859,4,7
10/19/2016,19862,13,9
10/20/2016,19865,10,10
10/21/2016,19870,9,9
10/22/2016,19879,6,11
10/23/2016,19888,6,11
10/24/2016,19891,12,12
10/25/2016,19892,13,11
10/26/2016,19895,15,9
10/27/2016,19904,8,10
10/28/2016,19907,11,8
10/29/2016,19909,13,8
10/30/2016,19916,9,7
10/31/2016,19922,11,9
11/1/2016,19929,6,8
11/2/2016,19933,9,9
11/3/2016,19937,12,10
11/4/2016,19943,10,11
11/5/2016,19947,11,11
11/6/2016,19950,13,13
11/7/2016,19953,16,13
11/8/2016,19954,14,13
11/9/2016,19957,13,14
11/10/2016,19958,14,15
11/11/2016,19960,16,14
11/12/2016,19967,7,16
11/13/2016,19970,16,15
11/14/2016,19970,13,14
11/15/2016,19972,13,14
11/16/2016,19973,16,12
11/17/2016,19975,13,10
11/18/2016,19977,14,10
11/19/2016,19980,14,14
11/20/2016,19983,11,14
11/21/2016,19985,12,12
11/22/2016,19986,15,10
11/23/2016,19990,13,10
11/24/2016,19994,14,10
11/25/2016,19997,11,11
11/26/2016,20003,10,14
11/27/2016,20006,13,14
11/28/2016,20011,15,13
11/29/2016,20017,10,17
11/30/2016,20022,12,18
12/1/2016,20028,11,19
12/2/2016,20029,17,15
12/3/2016,20030,14,15
12/4/2016,20035,13,16
12/5/2016,20041,16,17
12/6/2016,20045,11,19
12/7/2016,20049,15,17
12/8/2016,20052,16,14
12/9/2016,20057,12,14
12/10/2016,20060,14,12
12/11/2016,20061,14,13
12/12/2016,20063,14,13
12/13/2016,20065,19,14
12/14/2016,20065,14,12
12/15/2016,20069,11,13
12/16/2016,20074,11,13
12/17/2016,20076,16,13
12/18/2016,20077,15,14
12/19/2016,20078,21,13
12/20/2016,20082,11,14
12/21/2016,20086,11,15
12/22/2016,20088,16,16
12/23/2016,20088,18,14
12/24/2016,20091,13,15
12/25/2016,20093,15,15
12/26/2016,20093,14,12
12/27/2016,20097,11,13
12/28/2016,20101,14,14
12/29/2016,20102,18,15
12/30/2016,20105,15,18
12/31/2016,20109,14,20
1/1/2017,20111,19,20
1/2/2017,20112,17,20
1/3/2017,20115,6,18
1/4/2017,20117,15,18
1/5/2017,20119,15,17
1/6/2017,20125,14,18
1/7/2017,20129,11,19
1/8/2017,20130,18,21
1/9/2017,20131,17,17
1/10/2017,20132,14,15
1/11/2017,20133,13,13
1/12/2017,20135,15,15
1/13/2017,20137,16,17
1/14/2017,20139,22,21
1/15/2017,20141,11,18
1/16/2017,20143,17,18
1/17/2017,20145,14,18
1/18/2017,20150,14,20
1/19/2017,20156,9,20
1/20/2017,20162,13,21
1/21/2017,20169,10,20
1/22/2017,20175,12,20
1/23/2017,20180,14,20
1/24/2017,20183,13,19
1/25/2017,20184,16,18
1/26/2017,20186,18,19
1/27/2017,20193,9,21
1/28/2017,20197,15,18
1/29/2017,20201,13,15
1/30/2017,20208,11,15
1/31/2017,20208,15,15
2/1/2017,20210,13,18
2/2/2017,20212,13,13
2/3/2017,20216,13,13
2/4/2017,20222,14,13
2/5/2017,20223,15,14
2/6/2017,20226,12,12
2/7/2017,20228,13,14
2/8/2017,20229,13,14
2/9/2017,20230,21,16
2/10/2017,20232,12,18
2/11/2017,20234,16,19
2/12/2017,20235,14,19
2/13/2017,20238,15,19
2/14/2017,20248,9,16
2/15/2017,20256,10,15
2/16/2017,20262,10,13
2/17/2017,20271,8,12
2/18/2017,20275,10,13
2/19/2017,20281,10,12
2/20/2017,20284,15,14
2/21/2017,20286,17,13
2/22/2017,20288,14,11
2/23/2017,20289,15,13
2/24/2017,20292,10,14
2/25/2017,20302,7,15
2/26/2017,20307,12,14
2/27/2017,20310,14,14
2/28/2017,20312,14,14
3/1/2017,20318,11,15
3/2/2017,20323,13,15
3/3/2017,20327,13,15
3/4/2017,20331,11,13
3/5/2017,20335,13,12
3/6/2017,20337,14,13
3/7/2017,20342,12,15
3/8/2017,20352,8,13
3/9/2017,20353,15,14
3/10/2017,20362,8,11
3/11/2017,20375,3,13
3/12/2017,20383,3,10
3/13/2017,20399,3,11
3/14/2017,20411,3,11
3/15/2017,20418,7,11
3/16/2017,20433,-1,9
3/17/2017,20449,-2,9
3/18/2017,20461,6,11
3/19/2017,20464,16,11
3/20/2017,20468,10,10
3/21/2017,20475,13,11
3/22/2017,20487,1,11
3/23/2017,20500,1,11
3/24/2017,20518,1,12
3/25/2017,20538,-2,11
3/26/2017,20558,-3,10
3/27/2017,20578,-2,9
3/28/2017,20599,-5,9
3/29/2017,20616,-1,8
3/30/2017,20626,3,7
3/31/2017,20646,-7,5
4/1/2017,20652,8,6
4/2/2017,20662,0,6
4/3/2017,20681,-2,8
4/4/2017,20698,-4,8
4/5/2017,20716,-1,9
4/6/2017,20729,1,8
4/7/2017,20741,6,9
4/8/2017,20750,7,9
4/9/2017,20773,-6,9
4/10/2017,20796,-11,6
4/11/2017,20811,2,8
4/12/2017,20823,5,10
4/13/2017,20835,2,10
4/14/2017,20857,-9,10
4/15/2017,20866,8,10
4/16/2017,20883,-1,10
4/17/2017,20899,2,11
4/18/2017,20923,-4,11
4/19/2017,20943,-8,10
4/20/2017,20961,-4,13
4/21/2017,20987,-8,10
4/22/2017,20995,10,10
4/23/2017,21010,2,10
4/24/2017,21020,3,9
4/25/2017,21038,0,10
4/26/2017,21064,-9,11
4/27/2017,21083,-2,11
4/28/2017,21101,-5,11
4/29/2017,21119,-2,11
4/30/2017,21135,-1,10
5/1/2017,21157,-6,7
5/2/2017,21167,6,7
5/3/2017,21174,10,9
5/4/2017,21188,-2,7
5/5/2017,21203,1,8
5/6/2017,21213,2,8
5/7/2017,21233,-3,6
5/8/2017,21240,9,8
5/9/2017,21255,-1,8
5/10/2017,21280,-9,7
5/11/2017,21308,-12,7
5/12/2017,21322,-2,5
5/13/2017,21341,-4,2
5/14/2017,21355,0,3
5/15/2017,21373,-3,4
5/16/2017,21390,-5,4
5/17/2017,21410,-7,1
5/18/2017,21433,-12,1
5/19/2017,21446,2,1
5/20/2017,21455,4,3
5/21/2017,21483,-12,4
5/22/2017,21507,-10,3
5/23/2017,21530,-13,1
5/24/2017,21558,-17,1
5/25/2017,21585,-14,1
5/26/2017,21614,-14,1
5/27/2017,21643,-13,1
5/28/2017,21667,-13,1
5/29/2017,21689,-14,1
5/30/2017,21708,-11,0
5/31/2017,21724,-2,1
6/1/2017,21745,-9,1
6/2/2017,21769,-12,1
6/3/2017,21794,-14,1
6/4/2017,21808,-2,1
6/5/2017,21832,-11,1
6/6/2017,21854,-8,1
6/7/2017,21874,-6,2
6/8/2017,21893,-7,3
6/9/2017,21916,-10,1
6/10/2017,21941,-13,2
6/11/2017,21972,-15,1
6/12/2017,21989,-5,1
6/13/2017,21998,5,1
6/14/2017,22022,-14,1
6/15/2017,22051,-15,0
6/16/2017,22078,-15,1
6/17/2017,22100,-10,1
6/18/2017,22127,-16,1
6/19/2017,22153,-16,0
6/20/2017,22180,-16,0
6/21/2017,22205,-15,0
6/22/2017,22231,-18,0
6/23/2017,22257,-15,0
6/24/2017,22283,-15,0
6/25/2017,22290,5,0
6/26/2017,22301,-2,0
6/27/2017,22320,-6,0
6/28/2017,22341,-7,0
6/29/2017,22354,0,0
6/30/2017,22369,-2,0
7/1/2017,22384,0,0
7/2/2017,22389,7,3
7/3/2017,22410,-5,2
7/4/2017,22435,-10,2
7/5/2017,22459,-11,1
7/6/2017,22485,-17,1
7/7/2017,22501,-3,0
7/8/2017,22526,-14,0
7/9/2017,22550,-12,1
7/10/2017,22572,-10,1
7/11/2017,22586,-4,1
7/12/2017,22598,0,1
7/13/2017,22616,-6,0
7/14/2017,22640,-9,1
7/15/2017,22654,-1,1
7/16/2017,22666,0,1
7/17/2017,22680,-8,1
7/18/2017,22700,-8,2
7/19/2017,22727,-8,1
7/20/2017,22745,-5,1
7/21/2017,22764,-3,0
7/22/2017,22789,-11,1
7/23/2017,22801,-2,1
7/24/2017,22817,-4,1
7/25/2017,22836,-6,1
7/26/2017,22850,-6,3
7/27/2017,22869,-3,1
7/28/2017,22890,-8,1
7/29/2017,22900,5,1
7/30/2017,22910,6,1
7/31/2017,22931,-16,0
8/1/2017,22954,-6,0
8/2/2017,22971,-7,0
8/3/2017,22980,4,0
8/4/2017,23004,-8,0
8/5/2017,23021,-3,0
8/6/2017,23035,1,0
8/7/2017,23055,-7,1
8/8/2017,23080,-13,1
8/9/2017,23083,12,2
8/10/2017,23103,-5,2
8/11/2017,23108,9,2
8/12/2017,23125,-2,2
8/13/2017,23134,8,2
8/14/2017,23148,-4,1
8/15/2017,23169,-6,1
8/16/2017,23181,-1,1
8/17/2017,23198,-6,1
8/18/2017,23205,5,1
8/19/2017,23218,3,2
8/20/2017,23231,0,3
8/21/2017,23245,1,3
8/22/2017,23255,3,2
8/23/2017,23274,-5,1
8/24/2017,23288,-2,1
8/25/2017,23305,-7,1
8/26/2017,23320,-2,1
8/27/2017,23335,-4,1
8/28/2017,23353,-4,1
8/29/2017,23372,-7,0
8/30/2017,23391,-7,0
8/31/2017,23398,6,0
9/1/2017,23411,0,0
9/2/2017,23422,3,3
9/3/2017,23438,-4,4
9/4/2017,23452,-3,3
9/5/2017,23459,8,3
9/6/2017,23466,4,2
9/7/2017,23474,9,3
9/8/2017,23485,4,3
9/9/2017,23488,11,4
9/10/2017,23501,1,4
9/11/2017,23512,3,6
9/12/2017,23522,2,5
9/13/2017,23541,-3,6
9/14/2017,23557,-4,5
9/15/2017,23562,13,7
9/16/2017,23577,1,7
9/17/2017,23585,9,9
9/18/2017,23597,4,7
9/19/2017,23606,4,7
9/20/2017,23617,4,7
9/21/2017,23631,-1,5
9/22/2017,23646,-7,5
9/23/2017,23657,3,6
9/24/2017,23674,-3,7
9/25/2017,23691,-2,5
9/26/2017,23705,1,6
9/27/2017,23720,1,5
9/28/2017,23728,8,5
9/29/2017,23735,7,3
9/30/2017,23744,5,3
10/1/2017,23751,9,4
10/2/2017,23756,12,6
10/3/2017,23765,3,5
10/4/2017,23780,1,6
10/5/2017,23787,7,7
10/6/2017,23797,2,7
10/7/2017,23808,5,8
10/8/2017,23810,13,9
10/9/2017,23815,11,8
10/10/2017,23820,9,7
10/11/2017,23825,12,6
10/12/2017,23829,10,6
10/13/2017,23841,3,6
10/14/2017,23847,7,5
10/15/2017,23856,8,5
10/16/2017,23866,5,2
10/17/2017,23875,5,3
10/18/2017,23881,8,4
10/19/2017,23887,6,2
10/20/2017,23894,7,8
10/21/2017,23898,7,3
10/22/2017,23906,9,10
10/23/2017,23909,12,10
10/24/2017,23914,7,8
10/25/2017,23915,15,6
10/26/2017,23917,12,6
10/27/2017,23920,13,5
10/28/2017,23928,5,8
10/29/2017,23931,10,9
10/30/2017,23937,11,9
10/31/2017,23943,11,10
11/1/2017,23946,12,10
11/2/2017,23951,14,11
11/3/2017,23957,10,9
11/4/2017,23963,8,9
11/5/2017,23964,13,11
11/6/2017,23970,14,11
11/7/2017,23976,8,12
11/8/2017,23982,7,14
11/9/2017,23983,15,14
11/10/2017,23988,12,12
11/11/2017,23990,12,12
11/12/2017,23992,16,13
11/13/2017,23995,11,15
11/14/2017,24001,9,13
11/15/2017,24003,5,13
11/16/2017,24004,13,13
11/17/2017,24006,13,12
11/18/2017,24008,11,12
11/19/2017,24010,12,15
11/20/2017,24014,12,13
11/21/2017,24014,12,15
11/22/2017,24015,15,12
11/23/2017,24015,8,10
11/24/2017,24023,12,11
11/25/2017,24026,13,12
11/26/2017,24029,13,14
11/27/2017,24036,9,17
11/28/2017,24036,14,14
11/29/2017,24038,14,17
11/30/2017,24040,15,17
12/1/2017,24041,15,17
12/2/2017,24042,14,18
12/3/2017,24043,12,20
12/4/2017,24044,18,18
12/5/2017,24046,13,16
12/6/2017,24047,14,16
12/7/2017,24048,15,15
12/8/2017,24048,13,16
12/9/2017,24051,16,18
12/10/2017,24053,15,20
12/11/2017,24053,16,19
12/12/2017,24053,15,20
12/13/2017,24054,16,21
12/14/2017,24054,18,18
12/15/2017,24057,15,20
12/16/2017,24058,14,18
12/17/2017,24060,14,19
12/18/2017,24062,11,16
12/19/2017,24064,18,16
12/20/2017,24065,15,16
12/21/2017,24066,12,13
12/22/2017,24066,17,13
12/23/2017,24067,15,12
12/24/2017,24067,15,12
12/25/2017,24068,18,13
12/26/2017,24069,14,15
12/27/2017,24070,14,16
12/28/2017,24072,13,17
12/29/2017,24075,11,18
12/30/2017,24075,17,20
12/31/2017,24076,15,14
1/1/2018,24077,15,12
1/2/2018,24078,13,15
1/3/2018,24080,14,16
1/4/2018,24081,15,14
1/5/2018,24081,18,15
1/6/2018,24083,10,14
1/7/2018,24084,13,15
1/8/2018,24088,12,18
1/9/2018,24089,14,18
1/10/2018,24090,19,16
1/11/2018,24091,16,16
1/12/2018,24093,13,12
1/13/2018,24094,17,14
1/14/2018,24096,15,15
1/15/2018,24098,16,16
1/16/2018,24099,16,18
1/17/2018,24103,12,17
1/18/2018,24104,16,19
1/19/2018,24107,14,16
1/20/2018,24112,15,18
1/21/2018,24112,17,17
1/22/2018,24115,15,17
1/23/2018,24119,14,15
1/24/2018,24121,15,14
1/25/2018,24124,14,12
1/26/2018,24126,19,13
1/27/2018,24128,13,13
1/28/2018,24130,14,14
1/29/2018,24132,15,14
1/30/2018,24134,13,13
1/31/2018,24140,13,15
2/1/2018,24141,15,15
2/2/2018,24145,14,17
2/3/2018,24149,14,18
2/4/2018,24150,18,17
2/5/2018,24155,14,18
2/6/2018,24163,8,21
2/7/2018,24170,11,20
2/8/2018,24178,7,22
2/9/2018,24186,12,19
2/10/2018,24189,11,20
2/11/2018,24199,12,19
2/12/2018,24203,14,18
2/13/2018,24209,11,18
2/14/2018,24218,9,19
2/15/2018,24225,10,19
2/16/2018,24229,14,16
2/17/2018,24236,13,17
2/18/2018,24247,2,18
2/19/2018,24255,10,18
2/20/2018,24259,13,18
2/21/2018,24263,17,17
2/22/2018,24274,5,19
2/23/2018,24285,7,19
2/24/2018,24297,6,21
2/25/2018,24306,5,22
2/26/2018,24318,8,21
2/27/2018,24326,9,24
2/28/2018,24334,8,24
3/1/2018,24347,6,26
3/2/2018,24358,4,23
3/3/2018,24360,16,26
3/4/2018,24370,8,21
3/5/2018,24374,13,17
3/6/2018,24380,6,14
3/7/2018,24389,11,15
3/8/2018,24393,12,15
3/9/2018,24402,10,17
3/10/2018,24408,9,14
3/11/2018,24412,13,11
3/12/2018,24421,7,10
3/13/2018,24428,8,12
3/14/2018,24430,11,14
3/15/2018,24442,6,14
3/16/2018,24445,15,13
3/17/2018,24449,12,15
3/18/2018,24451,17,22
3/19/2018,24461,6,21
3/20/2018,24480,-3,20
3/21/2018,24502,0,19
3/22/2018,24512,6,13
3/23/2018,24523,6,14
3/24/2018,24534,6,14
3/25/2018,24544,6,15
3/26/2018,24557,7,16
3/27/2018,24572,3,13
3/28/2018,24576,14,13
3/29/2018,24579,16,15
3/30/2018,24596,2,14
3/31/2018,24604,9,12
4/1/2018,24614,7,12
4/2/2018,24621,7,14
4/3/2018,24630,4,12
4/4/2018,24641,6,10
4/5/2018,24652,4,10
4/6/2018,24664,5,13
4/7/2018,24683,-3,12
4/8/2018,24702,-7,7
4/9/2018,24722,-8,4
4/10/2018,24730,6,6
4/11/2018,24742,0,5
4/12/2018,24748,8,7
4/13/2018,24753,10,9
4/14/2018,24763,8,8
4/15/2018,24778,1,8
4/16/2018,24790,6,5
4/17/2018,24809,-3,7
4/18/2018,24834,-14,6
4/19/2018,24857,-6,4
4/20/2018,24882,-12,2
4/21/2018,24905,-7,1
4/22/2018,24928,-9,1
4/23/2018,24948,-7,3
4/24/2018,24963,-1,5
4/25/2018,24977,0,5
4/26/2018,24993,-1,6
4/27/2018,25017,-4,8
4/28/2018,25030,6,7
4/29/2018,25040,7,7
4/30/2018,25043,13,8
5/1/2018,25051,5,10
5/2/2018,25075,-7,10
5/3/2018,25098,-6,9
5/4/2018,25123,-11,6
5/5/2018,25151,-13,6
5/6/2018,25179,-12,3
5/7/2018,25206,-12,1
5/8/2018,25232,-8,2
5/9/2018,25259,-15,1
5/10/2018,25284,-14,1
5/11/2018,25297,2,2
5/12/2018,25316,-1,3
5/13/2018,25335,-4,3
5/14/2018,25337,6,5
5/15/2018,25362,-8,4
5/16/2018,25386,-8,2
5/17/2018,25403,-2,2
5/18/2018,25432,-16,4
5/19/2018,25462,-18,5
5/20/2018,25474,4,7
5/21/2018,25500,-10,3
5/22/2018,25521,-7,1
5/23/2018,25536,-2,1
5/24/2018,25556,-6,2
5/25/2018,25572,-2,0
5/26/2018,25590,-6,0
5/27/2018,25610,-10,0
5/28/2018,25631,-7,0
5/29/2018,25657,-12,0
5/30/2018,25670,-3,0
5/31/2018,25695,-11,0
6/1/2018,25716,-9,0
6/2/2018,25721,9,0
6/3/2018,25731,2,0
6/4/2018,25750,-2,0
6/5/2018,25774,-11,0
6/6/2018,25789,-2,0
6/7/2018,25815,-14,0
6/8/2018,25828,1,0
6/9/2018,25845,-4,0
6/10/2018,25866,-7,0
6/11/2018,25884,-12,0
6/12/2018,25903,-3,0
6/13/2018,25916,0,1
6/14/2018,25932,-5,2
6/15/2018,25942,5,2
6/16/2018,25963,-4,1
6/17/2018,25984,-11,1
6/18/2018,25993,5,2
6/19/2018,26006,1,1
6/20/2018,26013,8,2
6/21/2018,26044,-20,1
6/22/2018,26062,-2,1
6/23/2018,26072,6,4
6/24/2018,26096,-8,2
6/25/2018,26120,-11,1
6/26/2018,26147,-11,2
6/27/2018,26177,-17,1
6/28/2018,26203,-16,1
6/29/2018,26229,-14,1
6/30/2018,26258,-19,0
7/1/2018,26285,-18,1
7/2/2018,26315,-24,0
7/3/2018,26345,-19,0
7/4/2018,26365,-8,0
7/5/2018,26391,-15,0
7/6/2018,26422,-19,0
7/7/2018,26442,-9,0
7/8/2018,26464,-13,0
7/9/2018,26492,-16,0
7/10/2018,26506,-3,0
7/11/2018,26511,10,0
7/12/2018,26525,-4,0
7/13/2018,26555,-23,0
7/14/2018,26580,-13,0
7/15/2018,26608,-13,0
7/16/2018,26634,-15,0
7/17/2018,26651,-5,0
7/18/2018,26675,-11,0
7/19/2018,26695,-9,0
7/20/2018,26715,-10,0
7/21/2018,26727,-1,0
7/22/2018,26753,-18,0
7/23/2018,26775,-10,0
7/24/2018,26796,-14,0
7/25/2018,26816,-11,0
7/26/2018,26841,-16,0
7/27/2018,26861,-10,0
7/28/2018,26879,-9,0
7/29/2018,26906,-17,0
7/30/2018,26920,-4,0
7/31/2018,26940,-8,0
8/1/2018,26963,-13,0
8/2/2018,26988,-16,0
8/3/2018,27014,-15,0
8/4/2018,27038,-16,0
8/5/2018,27060,-13,0
8/6/2018,27087,-13,0
8/7/2018,27112,-15,0
8/8/2018,27130,-9,0
8/9/2018,27148,-7,0
8/10/2018,27155,4,0
8/11/2018,27172,-4,0
8/12/2018,27194,-7,0
8/13/2018,27212,-4,0
8/14/2018,27226,-1,0
8/15/2018,27236,4,0
8/16/2018,27246,2,0
8/17/2018,27269,-10,0
8/18/2018,27292,-12,0
8/19/2018,27301,5,1
8/20/2018,27322,-6,1
8/21/2018,27329,3,1
8/22/2018,27345,-4,1
8/23/2018,27368,-13,0
8/24/2018,27379,4,1
8/25/2018,27393,-1,1
8/26/2018,27412,-6,2
8/27/2018,27420,6,3
8/28/2018,27429,7,3
8/29/2018,27445,-2,1
8/30/2018,27450,9,3
8/31/2018,27470,-5,3
9/1/2018,27480,-5,3
9/2/2018,27505,-5,3
9/3/2018,27526,-8,2
9/4/2018,27531,11,2
9/5/2018,27543,3,0
9/6/2018,27556,-1,1
9/7/2018,27570,1,1
9/8/2018,27591,-10,2
9/9/2018,27601,5,3
9/10/2018,27621,-4,2
9/11/2018,27632,2,1
9/12/2018,27653,-8,1
9/13/2018,27663,3,1
9/14/2018,27672,4,4
9/15/2018,27681,7,4
9/16/2018,27691,4,4
9/17/2018,27705,-1,3
9/18/2018,27723,-4,3
9/19/2018,27741,-4,1
9/20/2018,27754,-4,1
9/21/2018,27771,-1,1
9/22/2018,27788,0,2
9/23/2018,27793,10,4
9/24/2018,27797,12,7
9/25/2018,27812,3,8
9/26/2018,27826,-2,8
9/27/2018,27843,-2,7
9/28/2018,27859,-5,7
9/29/2018,27871,5,6
9/30/2018,27886,1,7
10/1/2018,27895,3,8
10/2/2018,27905,7,8
10/3/2018,27911,12,9
10/4/2018,27926,-2,6
10/5/2018,27938,8,5
10/6/2018,27951,-1,6
10/7/2018,27963,3,4
10/8/2018,27975,3,6
10/9/2018,27986,3,7
10/10/2018,27998,2,7
10/11/2018,28010,6,6
10/12/2018,28021,4,3
10/13/2018,28030,6,2
10/14/2018,28040,5,2
10/15/2018,28049,-1,2
10/16/2018,28060,3,3
10/17/2018,28071,6,3
10/18/2018,28077,8,5
10/19/2018,28081,10,5
10/20/2018,28086,10,5
10/21/2018,28095,8,8
10/22/2018,28101,9,7
10/23/2018,28109,9,7
10/24/2018,28115,9,8
10/25/2018,28117,9,6
10/26/2018,28120,12,7
10/27/2018,28122,16,9
10/28/2018,28130,7,11
10/29/2018,28137,10,13
10/30/2018,28139,15,14
10/31/2018,28140,14,15
11/1/2018,28146,11,12
11/2/2018,28148,17,10
11/3/2018,28157,7,12
11/4/2018,28164,9,12
11/5/2018,28171,12,13
11/6/2018,28176,12,11
11/7/2018,28181,10,9
11/8/2018,28183,12,9
11/9/2018,28191,8,10
11/10/2018,28196,13,10
11/11/2018,28197,14,10
11/12/2018,28199,16,9
11/13/2018,28201,15,10
11/14/2018,28207,12,10
11/15/2018,28212,12,10
11/16/2018,28218,10,11
11/17/2018,28219,13,12
11/18/2018,28225,15,15
11/19/2018,28232,11,15
11/20/2018,28234,14,16
11/21/2018,28235,19,17
11/22/2018,28239,14,14
11/23/2018,28244,13,15
11/24/2018,28249,13,15
11/25/2018,28251,12,15
11/26/2018,28251,20,15
11/27/2018,28252,14,14
11/28/2018,28255,18,15
11/29/2018,28256,17,13
11/30/2018,28258,12,11
12/1/2018,28262,17,11
12/2/2018,28263,17,12
12/3/2018,28265,13,8
12/4/2018,28266,10,11
12/5/2018,28268,14,12
12/6/2018,28269,16,12
12/7/2018,28269,14,10
12/8/2018,28270,16,12
12/9/2018,28271,15,13
12/10/2018,28273,18,13
12/11/2018,28276,12,14
12/12/2018,28279,16,15
12/13/2018,28284,7,16
12/14/2018,28288,15,19
12/15/2018,28289,14,19
12/16/2018,28292,15,17
12/17/2018,28292,19,18
12/18/2018,28297,14,16
12/19/2018,28299,14,13
12/20/2018,28301,17,13
12/21/2018,28302,13,13
12/22/2018,28303,17,13
12/23/2018,28306,12,12
12/24/2018,28306,17,12
12/25/2018,28309,16,10
12/26/2018,28313,16,15
12/27/2018,28317,13,19
12/28/2018,28319,14,16
12/29/2018,28320,14,18
12/30/2018,28321,18,15
12/31/2018,28322,16,13
1/1/2019,28323,19,12
1/2/2019,28324,16,13
1/3/2019,28325,16,15
1/4/2019,28328,14,13
1/5/2019,28329,21,17
1/6/2019,28329,17,15
1/7/2019,28329,18,14
1/8/2019,28330,16,14
1/9/2019,28331,15,16
1/10/2019,28335,17,16
1/11/2019,28337,20,17
1/12/2019,28339,19,15
1/13/2019,28339,16,13
1/14/2019,28341,12,13
1/15/2019,28343,17,14
1/16/2019,28345,18,15
1/17/2019,28346,14,16
1/18/2019,28348,18,17
1/19/2019,28352,14,20
1/20/2019,28358,16,18
1/21/2019,28363,11,20
1/22/2019,28369,11,21
1/23/2019,28370,13,22
1/24/2019,28372,18,22
1/25/2019,28374,18,18
1/26/2019,28375,14,20
1/27/2019,28377,19,16
1/28/2019,28378,15,15
1/29/2019,28381,13,18
1/30/2019,28386,13,19
1/31/2019,28388,19,21
2/1/2019,28389,14,20
2/2/2019,28391,18,18
2/3/2019,28393,14,17
2/4/2019,28396,10,17
2/5/2019,28398,18,20
2/6/2019,28400,22,18
2/7/2019,28402,10,15
2/8/2019,28407,12,14
2/9/2019,28408,14,15
2/10/2019,28412,17,15
2/11/2019,28414,8,14
2/12/2019,28418,13,16
2/13/2019,28427,6,15
2/14/2019,28435,14,18
2/15/2019,28444,11,14
2/16/2019,28453,6,14
2/17/2019,28462,6,13
2/18/2019,28471,9,14
2/19/2019,28480,9,12
2/20/2019,28489,8,13
2/21/2019,28500,6,13
2/22/2019,28506,15,12
2/23/2019,28510,8,10
2/24/2019,28521,3,12
2/25/2019,28529,10,11
2/26/2019,28540,4,10
2/27/2019,28551,4,11
2/28/2019,28562,7,10
3/1/2019,28565,16,12
3/2/2019,28568,13,12
3/3/2019,28570,15,12
3/4/2019,28572,15,12
3/5/2019,28579,18,13
3/6/2019,28588,7,13
3/7/2019,28594,9,13
3/8/2019,28600,9,13
3/9/2019,28608,15,12
3/10/2019,28613,15,12
3/11/2019,28620,9,13
3/12/2019,28630,10,15
3/13/2019,28635,9,14
3/14/2019,28642,11,15
3/15/2019,28649,12,15
3/16/2019,28651,12,12
3/17/2019,28655,15,12
3/18/2019,28668,4,14
3/19/2019,28682,4,14
3/20/2019,28688,9,11
3/21/2019,28698,9,11
3/22/2019,28717,-6,9
3/23/2019,28736,-4,10
3/24/2019,28739,15,10
3/25/2019,28760,-11,10
3/26/2019,28770,9,12
3/27/2019,28782,6,11
3/28/2019,28789,6,11
3/29/2019,28796,8,9
3/30/2019,28817,-4,9
3/31/2019,28835,1,7
4/1/2019,28850,1,8
4/2/2019,28871,-3,10
4/3/2019,28881,10,11
4/4/2019,28896,2,10
4/5/2019,28906,7,13
4/6/2019,28920,3,12
4/7/2019,28933,3,9
4/8/2019,28948,1,7
4/9/2019,28960,4,7
4/10/2019,28980,2,10
4/11/2019,29000,0,10
4/12/2019,29019,-11,8
4/13/2019,29031,5,13
4/14/2019,29047,3,13
4/15/2019,29061,7,13
4/16/2019,29084,-7,10
4/17/2019,29098,0,8
4/18/2019,29108,8,6
4/19/2019,29132,-11,5
4/20/2019,29155,-11,3
4/21/2019,29179,-8,2
4/22/2019,29203,-17,1
4/23/2019,29223,0,1
4/24/2019,29240,-5,4
4/25/2019,29261,-6,2
4/26/2019,29269,8,6
4/27/2019,29290,-6,7
4/28/2019,29305,2,7
4/29/2019,29313,13,10
4/30/2019,29330,-1,8
5/1/2019,29340,4,7
5/2/2019,29362,-4,6
5/3/2019,29372,4,8
5/4/2019,29383,5,9
5/5/2019,29406,-4,12
5/6/2019,29426,-8,9
5/7/2019,29436,11,12
5/8/2019,29453,-2,9
5/9/2019,29462,6,9
5/10/2019,29475,4,8
5/11/2019,29489,3,8
5/12/2019,29513,-6,7
5/13/2019,29536,-6,7
5/14/2019,29565,-13,6
5/15/2019,29594,-11,6
5/16/2019,29624,-13,6
5/17/2019,29649,-12,3
5/18/2019,29657,9,6
5/19/2019,29674,-9,5
5/20/2019,29693,-2,3
5/21/2019,29697,15,7
5/22/2019,29716,0,5
5/23/2019,29740,-8,4
5/24/2019,29763,-7,2
5/25/2019,29794,-19,1
5/26/2019,29813,-7,4
5/27/2019,29833,-4,2
5/28/2019,29848,1,4
5/29/2019,29862,2,4
5/30/2019,29882,0,4
5/31/2019,29897,-4,2
6/1/2019,29914,-1,2
6/2/2019,29941,-10,1
6/3/2019,29967,-15,1
6/4/2019,29979,2,1
6/5/2019,29995,-1,0
6/6/2019,30003,10,2
6/7/2019,30021,-1,3
6/8/2019,30036,-2,3
6/9/2019,30058,-8,4
6/10/2019,30068,-3,4
6/11/2019,30083,4,2
6/12/2019,30101,-1,3
6/13/2019,30116,1,3
6/14/2019,30136,-3,3
6/15/2019,30161,-14,3
6/16/2019,30181,-4,1
6/17/2019,30201,-2,3
6/18/2019,30227,-11,0
6/19/2019,30252,-13,1
6/20/2019,30268,-1,1
6/21/2019,30286,-4,1
6/22/2019,30314,-14,0
6/23/2019,30339,-10,1
6/24/2019,30359,-6,0
6/25/2019,30381,-8,0
6/26/2019,30405,-15,0
6/27/2019,30433,-15,0
6/28/2019,30463,-17,0
6/29/2019,30492,-14,0
6/30/2019,30521,-17,0
7/1/2019,30548,-16,0
7/2/2019,30575,-14,0
7/3/2019,30596,-7,0
7/4/2019,30620,-12,0
7/5/2019,30646,-8,0
7/6/2019,30670,-9,0
7/7/2019,30687,-5,0
7/8/2019,30709,-16,0
7/9/2019,30724,2,2
7/10/2019,30741,-1,2
7/11/2019,30753,0,1
7/12/2019,30776,-4,1
7/13/2019,30796,-1,0
7/14/2019,30808,-2,1
7/15/2019,30821,5,1
7/16/2019,30830,8,2
7/17/2019,30850,-6,1
7/18/2019,30870,-8,1
7/19/2019,30880,3,0
7/20/2019,30897,0,0
7/21/2019,30918,-13,0
7/22/2019,30940,-4,0
7/23/2019,30966,-13,0
7/24/2019,30993,-13,0
7/25/2019,31017,-13,0
7/26/2019,31040,-14,0
7/27/2019,31061,-10,0
7/28/2019,31064,10,0
7/29/2019,31078,0,0
7/30/2019,31093,-2,0
7/31/2019,31114,-9,0
8/1/2019,31129,0,0
8/2/2019,31144,1,0
8/3/2019,31166,-7,0
8/4/2019,31173,9,0
8/5/2019,31190,-6,0
8/6/2019,31207,-4,0
8/7/2019,31224,-4,0
8/8/2019,31245,-10,0
8/9/2019,31266,-8,0
8/10/2019,31277,0,0
8/11/2019,31298,-8,0
8/12/2019,31311,2,0
8/13/2019,31322,6,1
8/14/2019,31336,3,3
8/15/2019,31348,1,3
8/16/2019,31361,2,2
8/17/2019,31375,-5,1
8/18/2019,31380,15,1
8/19/2019,31395,0,1
8/20/2019,31410,0,1
8/21/2019,31432,-6,2
8/22/2019,31454,-8,2
8/23/2019,31478,-9,2
8/24/2019,31500,0,1
8/25/2019,31522,-15,2
8/26/2019,31542,-6,1
8/27/2019,31561,-7,1
8/28/2019,31580,-9,0
8/29/2019,31596,1,1
8/30/2019,31616,-6,0
8/31/2019,31638,-10,1
9/1/2019,31653,-1,1
9/2/2019,31670,-5,2
9/3/2019,31687,-6,2
9/4/2019,31695,8,2
9/5/2019,31704,7,2
9/6/2019,31712,7,4
9/7/2019,31729,3,4
9/8/2019,31739,1,5
9/9/2019,31759,1,4
9/10/2019,31775,-1,5
9/11/2019,31790,0,4
9/12/2019,31794,8,5
9/13/2019,31809,-1,1
9/14/2019,31821,4,2
9/15/2019,31832,-4,3
9/16/2019,31840,4,2
9/17/2019,31865,4,2
9/18/2019,31879,4,4
9/19/2019,31888,4,5
9/20/2019,31900,5,5
9/21/2019,31916,-7,6
9/22/2019,31933,2,4
9/23/2019,31942,3,2
9/24/2019,31955,2,2
9/25/2019,31958,12,4
9/26/2019,31963,14,4
9/27/2019,31966,14,4
9/28/2019,31976,8,6
9/29/2019,31984,6,4
9/30/2019,31990,10,5
10/1/2019,31997,9,5
10/2/2019,32002,11,5
10/3/2019,32011,10,7
10/4/2019,32015,10,7
10/5/2019,32018,13,8
10/6/2019,32025,11,8
10/7/2019,32028,15,8
10/8/2019,32031,16,8
10/9/2019,32037,10,8
10/10/2019,32043,6,8
10/11/2019,32053,7,8
10/12/2019,32055,15,7
10/13/2019,32060,12,6
10/14/2019,32067,12,3
10/15/2019,32075,7,4
10/16/2019,32080,13,4
10/17/2019,32087,12,7
10/18/2019,32094,11,6
10/19/2019,32094,11,6
10/20/2019,32099,14,9
10/21/2019,32101,13,7
10/22/2019,32103,14,8
10/23/2019,32111,9,7
10/24/2019,32118,9,6
10/25/2019,32126,11,5
10/26/2019,32131,8,7
10/27/2019,32138,9,5
10/28/2019,32145,11,8
10/29/2019,32149,11,9
10/30/2019,32155,16,11
10/31/2019,32160,9,11
11/1/2019,32170,9,16
11/2/2019,32172,14,11
11/3/2019,32176,12,9
11/4/2019,32178,9,8
11/5/2019,32184,7,10
11/6/2019,32189,11,10
11/7/2019,32193,10,10
11/8/2019,32196,10,12
11/9/2019,32203,7,13
11/10/2019,32208,8,14
11/11/2019,32215,8,13
11/12/2019,32216,17,15
11/13/2019,32223,8,14
11/14/2019,32226,13,15
11/15/2019,32229,12,14
11/16/2019,32231,12,15
11/17/2019,32235,13,14
11/18/2019,32238,13,14
11/19/2019,32238,13,15
11/20/2019,32244,9,16
